method,scenario,episode,traffic_seed,espera_media_s,espera_p95_s,espera_max_s,fila_maxima,throughput,tempo_viagem_medio_s,espera_media_avenida_s,espera_media_local_s,n_veiculos,dqn_seed,metodo
dqn,pico_assimetrico,0,10000,184.59158521036974,428.0,589.0,214.0,2126,317.085136406397,148.6931877275091,345.13255813953486,2353,7,especialista
dqn,pico_assimetrico,1,10001,185.24802986312733,454.0,685.0,221.0,2189,312.88853357697576,147.44449950445986,379.36386768447835,2411,7,especialista
dqn,pico_assimetrico,2,10002,199.77611940298507,494.1500000000001,921.0,224.0,2065,330.17046004842615,153.30769230769232,452.3333333333333,2278,7,especialista
dqn,pico_assimetrico,3,10003,192.6673588039867,402.0,638.0,219.0,2168,322.604704797048,161.5142421159715,331.2352941176471,2408,7,especialista
dqn,pico_assimetrico,4,10004,177.582580115037,432.3499999999999,654.0,215.0,2190,308.9821917808219,142.87574552683895,343.0568720379147,2434,7,especialista
dqn,pico_assimetrico,5,10005,203.21719038817005,515.2499999999995,1027.0,213.0,1938,342.36480908152737,156.89461883408072,420.68947368421055,2164,7,especialista
dqn,pico_assimetrico,6,10006,190.26304533789565,448.1500000000001,656.0,221.0,2117,332.4227680680208,153.9284603421462,361.63080684596576,2338,7,especialista
dqn,pico_assimetrico,7,10007,178.8026700041719,496.1999999999998,891.0,215.0,2160,307.475462962963,138.36354581673308,387.54755784061695,2397,7,especialista
dqn,pico_assimetrico,8,10008,183.02290712203248,419.0,620.0,215.0,2159,309.8568781843446,148.70852244074635,345.811004784689,2401,7,especialista
dqn,pico_assimetrico,9,10009,190.80950305143853,434.3499999999999,545.0,210.0,2062,316.4422890397672,154.22156652360516,349.4139534883721,2294,7,especialista
dqn,pico_assimetrico,10,10010,195.10152505446624,500.2999999999997,705.0,201.0,2087,330.92189746046955,154.52012545739677,398.32722513089004,2295,7,especialista
dqn,pico_assimetrico,11,10011,193.83994766681204,510.4000000000001,791.0,223.0,2056,330.38472762645915,152.674357629785,397.2150259067358,2293,7,especialista
dqn,pico_assimetrico,12,10012,174.04691259021652,376.0,631.0,201.0,2253,308.479804704838,142.28375061364753,315.6258205689278,2494,7,especialista
dqn,pico_assimetrico,13,10013,196.36035634743877,477.0,749.0,226.0,2034,326.874139626352,154.16144708423326,395.22137404580155,2245,7,especialista
dqn,pico_assimetrico,14,10014,197.17316409791476,508.25,819.0,216.0,1995,320.7994987468672,149.84330794341676,433.5652173913044,2206,7,especialista
dqn,pico_assimetrico,15,10015,191.6890756302521,492.0,688.0,222.0,2141,317.53479682391406,148.28434826371415,411.14249363867685,2380,7,especialista
dqn,pico_assimetrico,16,10016,183.9983870967742,449.0,778.0,218.0,2232,318.2871863799283,146.45615716339242,383.36386768447835,2480,7,especialista
dqn,pico_assimetrico,17,10017,194.82748024582966,492.0,792.0,221.0,2048,332.984375,149.85010593220338,412.56410256410254,2278,7,especialista
dqn,pico_assimetrico,18,10018,176.51178861788617,440.0499999999997,579.0,215.0,2250,301.4,137.61519845111326,380.4720812182741,2460,7,especialista
dqn,pico_assimetrico,19,10019,172.53865336658353,441.0,606.0,212.0,2157,304.0857672693556,136.25138539042823,343.6318289786223,2406,7,especialista
dqn,pico_assimetrico,0,10000,189.26814516129033,350.0499999999997,544.0,218.0,2233,317.56874160322434,170.04217479674796,263.16796875,2480,42,especialista
dqn,pico_assimetrico,1,10001,191.09576573011475,376.0,651.0,229.0,2309,313.8354265915981,164.73519499277805,312.76444444444445,2527,42,especialista
dqn,pico_assimetrico,2,10002,205.4995996797438,439.1500000000001,685.0,225.0,2271,329.6922060766182,178.59768451519537,336.7176470588235,2498,42,especialista
dqn,pico_assimetrico,3,10003,177.07536118703632,343.0,496.0,221.0,2336,301.0154109589041,154.58527131782947,270.4748490945674,2561,42,especialista
dqn,pico_assimetrico,4,10004,184.6589991928975,346.1500000000001,652.0,221.0,2246,305.44211932324134,164.45188916876575,266.02028397565925,2478,42,especialista
dqn,pico_assimetrico,5,10005,205.20207039337475,403.0,721.0,229.0,2173,331.47630004601933,177.09934110491636,330.6470588235294,2415,42,especialista
dqn,pico_assimetrico,6,10006,194.08786936236393,415.4499999999998,613.0,222.0,2334,320.7763496143959,171.61129568106313,295.93333333333334,2572,42,especialista
dqn,pico_assimetrico,7,10007,180.58694787107044,415.0,605.0,224.0,2303,300.4290056448111,158.56981871631552,275.79237288135596,2513,42,especialista
dqn,pico_assimetrico,8,10008,191.06576325229176,407.0,586.0,226.0,2272,313.67517605633805,166.0009708737864,306.0623608017817,2509,42,especialista
dqn,pico_assimetrico,9,10009,185.0543390105434,371.75,526.0,221.0,2254,305.1876663708962,158.1928251121076,302.50762527233115,2466,42,especialista
dqn,pico_assimetrico,10,10010,202.6415711947627,435.0,667.0,221.0,2229,333.4647824136384,179.59238858287432,305.6152125279642,2444,42,especialista
dqn,pico_assimetrico,11,10011,186.2187120291616,387.0,587.0,220.0,2261,309.5603715170279,159.85721368368866,303.853982300885,2469,42,especialista
dqn,pico_assimetrico,12,10012,186.4067730634488,369.0,518.0,226.0,2334,306.2604970008569,163.82892839980778,282.6864754098361,2569,42,especialista
dqn,pico_assimetrico,13,10013,199.63151658767774,388.0,637.0,216.0,2295,322.20479302832246,178.21882581271228,293.32908704883226,2532,42,especialista
dqn,pico_assimetrico,14,10014,185.65522620904835,395.0,666.0,222.0,2333,309.18474067723963,161.70871013802952,294.3196544276458,2564,42,especialista
dqn,pico_assimetrico,15,10015,190.94774631033107,371.0,548.0,225.0,2255,316.9321507760532,166.08599508599508,298.13771186440675,2507,42,especialista
dqn,pico_assimetrico,16,10016,192.57843894899537,371.0,575.0,225.0,2326,319.83018056749785,171.49173358526215,287.35668789808915,2588,42,especialista
dqn,pico_assimetrico,17,10017,172.18763961280715,341.0,537.0,228.0,2418,290.20802315963607,153.8241554835724,247.7752380952381,2686,42,especialista
dqn,pico_assimetrico,18,10018,191.5887814313346,387.0,541.0,217.0,2346,313.55797101449275,167.02757009345794,309.70337078651687,2585,42,especialista
dqn,pico_assimetrico,19,10019,179.94805194805195,356.0,547.0,220.0,2299,303.78816876903,156.4306498545102,281.1858037578288,2541,42,especialista
dqn,pico_assimetrico,0,10000,165.89467592592592,429.34999999999945,775.0,227.0,2362,288.5169348010161,126.0651376146789,376.6432038834951,2592,123,especialista
dqn,pico_assimetrico,1,10001,176.41875981161695,555.3000000000002,984.0,213.0,2333,289.96228032576084,129.71589882565493,486.0,2548,123,especialista
dqn,pico_assimetrico,2,10002,183.33333333333334,541.0,788.0,218.0,2302,301.6824500434405,136.8049006010171,475.0463768115942,2508,123,especialista
dqn,pico_assimetrico,3,10003,162.35453160700686,506.75,928.0,220.0,2395,280.68100208768266,118.452,425.0691489361702,2626,123,especialista
dqn,pico_assimetrico,4,10004,162.01147151898735,491.6500000000001,706.0,204.0,2309,286.35513209181465,120.1689284043051,390.7007672634271,2528,123,especialista
dqn,pico_assimetrico,5,10005,177.5879983890455,562.6000000000004,946.0,218.0,2264,292.20318021201416,129.8515735086895,464.680790960452,2483,123,especialista
dqn,pico_assimetrico,6,10006,175.34032634032633,511.0,859.0,210.0,2362,289.6888230313294,130.59811405478223,462.4899135446686,2574,123,especialista
dqn,pico_assimetrico,7,10007,167.48214285714286,534.0,1218.0,218.0,2342,288.57643040136634,120.06398210290828,478.27272727272725,2576,123,especialista
dqn,pico_assimetrico,8,10008,167.74713098535813,547.6999999999998,799.0,212.0,2312,285.7967128027682,123.27255900046275,430.3415300546448,2527,123,especialista
dqn,pico_assimetrico,9,10009,180.9987735077678,605.5,815.0,219.0,2225,291.5901123595506,131.15604186489057,485.5610465116279,2446,123,especialista
dqn,pico_assimetrico,10,10010,171.48006379585328,536.6000000000004,864.0,200.0,2280,294.83201754385965,124.74756831866605,460.5787965616046,2508,123,especialista
dqn,pico_assimetrico,11,10011,169.6383910792513,534.5,887.0,219.0,2301,287.5310734463277,123.22155132373432,448.7877094972067,2511,123,especialista
dqn,pico_assimetrico,12,10012,159.49172489885987,454.2999999999997,669.0,221.0,2503,269.8294047143428,117.38091143594153,408.72773536895676,2719,123,especialista
dqn,pico_assimetrico,13,10013,199.43474611833824,611.9000000000001,915.0,219.0,2159,318.2348309402501,146.95912408759125,528.2073170731708,2383,123,especialista
dqn,pico_assimetrico,14,10014,172.449821499405,524.0,980.0,228.0,2299,294.4219225750326,126.86483975847655,439.1467391304348,2521,123,especialista
dqn,pico_assimetrico,15,10015,175.78687228153422,550.5999999999999,732.0,207.0,2303,292.17021276595744,128.4149377593361,461.2027777777778,2529,123,especialista
dqn,pico_assimetrico,16,10016,175.80047789725208,515.5,861.0,223.0,2276,300.0927065026362,132.86439888164026,428.241095890411,2511,123,especialista
dqn,pico_assimetrico,17,10017,164.64143126177024,478.59999999999945,806.0,207.0,2420,285.21280991735534,120.86379613356766,427.5382585751979,2655,123,especialista
dqn,pico_assimetrico,18,10018,163.11944869831547,494.4499999999998,802.0,210.0,2391,278.5135926390632,119.93680462839342,428.958904109589,2612,123,especialista
dqn,pico_assimetrico,19,10019,168.56579476861168,519.7999999999997,670.0,207.0,2282,283.8089395267309,122.33755868544601,445.9352112676056,2485,123,especialista
dqn,pico_assimetrico,0,10000,154.42052469135803,1014.4499999999998,1526.0,197.0,2405,244.5950103950104,86.28492802709569,854.1434782608695,2592,777,especialista
dqn,pico_assimetrico,1,10001,150.53231357552582,337.0,2737.0,204.0,2482,187.84045124899274,82.53624382207579,1033.390374331551,2615,777,especialista
dqn,pico_assimetrico,2,10002,148.79672630376857,324.6999999999998,2746.0,200.0,2493,184.80104292017649,77.23663810689514,1145.3522727272727,2627,777,especialista
dqn,pico_assimetrico,3,10003,170.08933384674626,341.1999999999998,1803.0,214.0,2393,293.430004178855,114.0646420824295,612.3390410958904,2597,777,especialista
dqn,pico_assimetrico,4,10004,131.78296703296704,277.0,3045.0,193.0,2427,137.25381128965802,53.77386934673367,1296.06875,2548,777,especialista
dqn,pico_assimetrico,5,10005,162.9952959623677,486.0,3003.0,212.0,2402,186.8534554537885,88.38932888703627,1340.4934210526317,2551,777,especialista
dqn,pico_assimetrico,6,10006,216.86402027027026,369.3000000000002,3291.0,225.0,2132,267.21529080675424,134.52517667844523,2009.3173076923076,2368,777,especialista
dqn,pico_assimetrico,7,10007,114.43132624950806,176.0,3304.0,161.0,2440,97.13770491803278,28.269262634631318,1752.1889763779527,2541,777,especialista
dqn,pico_assimetrico,8,10008,143.8087098087098,395.0,3168.0,196.0,2298,155.25805047867712,61.78990158322636,1741.125,2457,777,especialista
dqn,pico_assimetrico,9,10009,153.40546784751638,320.1999999999998,2291.0,197.0,2395,236.83799582463465,85.76655348047538,814.6390041493776,2597,777,especialista
dqn,pico_assimetrico,10,10010,210.11407012871726,563.4000000000001,2431.0,214.0,2009,291.2434046789447,143.04547701433515,800.0260869565218,2253,777,especialista
dqn,pico_assimetrico,11,10011,159.6665402124431,668.25,1424.0,205.0,2429,260.25030876904077,99.72441275167785,726.7380952380952,2636,777,especialista
dqn,pico_assimetrico,12,10012,131.07744510978043,200.0,3348.0,196.0,2387,124.58273984080435,38.23,2253.304761904762,2505,777,especialista
dqn,pico_assimetrico,13,10013,149.29117527450182,314.1999999999998,2928.0,203.0,2361,171.14527742482,63.622829861111114,1422.7096774193549,2459,777,especialista
dqn,pico_assimetrico,14,10014,152.74296875,339.0,2796.0,212.0,2425,179.64907216494845,80.49643605870021,1137.36,2560,777,especialista
dqn,pico_assimetrico,15,10015,131.67404817404818,268.0,3127.0,202.0,2459,143.334688897926,47.002459016393445,1673.455223880597,2574,777,especialista
dqn,pico_assimetrico,16,10016,198.75407230830353,397.39999999999964,2486.0,221.0,2263,260.1444984533805,137.5718027062418,818.9690265486726,2517,777,especialista
dqn,pico_assimetrico,17,10017,127.75306203081786,214.0,3185.0,190.0,2422,127.63542526837324,41.126451077943614,1883.579831932773,2531,777,especialista
dqn,pico_assimetrico,18,10018,120.23280217644772,233.4000000000001,3289.0,193.0,2464,105.26055194805195,33.00565199838514,2370.875,2573,777,especialista
dqn,pico_assimetrico,19,10019,142.74162679425837,349.6500000000001,3055.0,219.0,2405,160.97837837837838,56.766484670306596,1754.6062992125985,2508,777,especialista
dqn,pico_assimetrico,0,10000,152.35046728971963,373.0,567.0,215.0,2567,258.5364238410596,123.8008695652174,288.58298755186723,2782,2024,especialista
dqn,pico_assimetrico,1,10001,164.54094108929232,433.0999999999999,669.0,225.0,2493,276.48335338949056,132.4706397896582,340.0431654676259,2699,2024,especialista
dqn,pico_assimetrico,2,10002,179.14206845785793,463.39999999999964,684.0,221.0,2461,287.6753352295815,150.19921534437663,336.10401891252957,2717,2024,especialista
dqn,pico_assimetrico,3,10003,159.80537634408603,422.0,592.0,210.0,2558,266.25215011727914,126.517841971113,339.5275229357798,2790,2024,especialista
dqn,pico_assimetrico,4,10004,153.46613545816734,439.0,647.0,205.0,2530,258.90237154150196,119.60119811724434,340.12264150943395,2761,2024,especialista
dqn,pico_assimetrico,5,10005,178.54436927974533,485.0,684.0,225.0,2292,295.62303664921467,137.29728464419475,412.2413793103448,2513,2024,especialista
dqn,pico_assimetrico,6,10006,169.7492389649924,434.0,578.0,222.0,2415,285.93498964803314,133.92145421903052,369.31,2628,2024,especialista
dqn,pico_assimetrico,7,10007,161.31833395314243,470.5999999999999,752.0,216.0,2457,276.9010989010989,125.1948109058927,359.2578313253012,2689,2024,especialista
dqn,pico_assimetrico,8,10008,175.73745954692558,441.0,583.0,208.0,2275,288.85802197802195,138.72894482090996,364.0615763546798,2472,2024,especialista
dqn,pico_assimetrico,9,10009,178.00039215686274,414.0,656.0,226.0,2314,295.5942091616249,145.98396226415093,335.8488372093023,2550,2024,especialista
dqn,pico_assimetrico,10,10010,166.05108654212734,429.0,579.0,212.0,2411,281.4392368311904,132.9632152588556,339.1140142517815,2623,2024,especialista
dqn,pico_assimetrico,11,10011,173.85562965868968,428.0,683.0,206.0,2351,288.951935346661,138.3219466541881,358.1650485436893,2549,2024,especialista
dqn,pico_assimetrico,12,10012,161.9705353934603,410.9000000000001,572.0,220.0,2550,272.47607843137257,132.94251394251395,311.67035398230087,2783,2024,especialista
dqn,pico_assimetrico,13,10013,193.6559424678274,493.9499999999998,934.0,227.0,2400,311.25666666666666,163.2954954954955,353.37203791469193,2642,2024,especialista
dqn,pico_assimetrico,14,10014,162.7975693125712,443.4000000000001,699.0,220.0,2425,273.9756701030928,126.4404168554599,351.15492957746477,2633,2024,especialista
dqn,pico_assimetrico,15,10015,176.0942225668864,450.0999999999999,669.0,213.0,2348,292.80451448040884,140.07774178621008,362.29425837320576,2579,2024,especialista
dqn,pico_assimetrico,16,10016,169.610088365243,476.75,838.0,214.0,2447,271.2525541479362,138.94181977252845,332.6511627906977,2716,2024,especialista
dqn,pico_assimetrico,17,10017,156.287939152481,417.0,566.0,222.0,2544,265.3824685534591,122.38673557278209,335.60136674259684,2761,2024,especialista
dqn,pico_assimetrico,18,10018,177.81449389523434,500.1999999999998,714.0,230.0,2302,292.92962641181583,139.23968474733425,395.630890052356,2539,2024,especialista
dqn,pico_assimetrico,19,10019,151.8425283156741,359.1999999999998,529.0,211.0,2528,258.8504746835443,124.63440387153541,285.1271551724138,2737,2024,especialista
dqn,fora_pico,0,10000,107.38284132841328,533.0,828.0,67.0,1035,166.97101449275362,17.939698492462313,354.59375,1084,7,especialista
dqn,fora_pico,1,10001,164.9670542635659,798.1499999999995,1266.0,81.0,952,210.36974789915968,26.22967741935484,583.3385214007782,1032,7,especialista
dqn,fora_pico,2,10002,159.34977578475338,708.0,925.0,92.0,1041,216.53218059558117,26.148102815177477,524.5369127516778,1115,7,especialista
dqn,fora_pico,3,10003,141.57769304099142,639.1999999999998,904.0,76.0,971,203.23995880535531,26.717277486910994,449.4842105263158,1049,7,especialista
dqn,fora_pico,4,10004,136.44401913875598,705.1999999999998,938.0,75.0,971,184.8043254376931,22.973042362002566,468.7518796992481,1045,7,especialista
dqn,fora_pico,5,10005,143.95053956834533,791.4000000000005,1138.0,85.0,1029,205.58892128279882,18.66144578313253,512.7092198581561,1112,7,especialista
dqn,fora_pico,6,10006,149.7642980935875,719.4999999999991,1346.0,95.0,1089,218.44719926538107,30.918108419838525,508.78745644599303,1154,7,especialista
dqn,fora_pico,7,10007,213.9918533604888,1061.6999999999996,1375.0,92.0,895,224.5340782122905,26.13588390501319,849.6830357142857,982,7,especialista
dqn,fora_pico,8,10008,179.23661971830987,960.8,1426.0,100.0,971,235.39752832131822,41.69336670838548,592.3834586466165,1065,7,especialista
dqn,fora_pico,9,10009,144.38741134751774,721.6499999999999,1133.0,86.0,1068,214.3426966292135,25.107270560190702,490.6712802768166,1128,7,especialista
dqn,fora_pico,10,10010,148.85674931129478,742.7999999999997,943.0,84.0,988,187.7419028340081,19.883895131086142,507.5625,1089,7,especialista
dqn,fora_pico,11,10011,165.18828828828828,794.55,1117.0,90.0,1044,243.2375478927203,27.165413533834588,518.2083333333334,1110,7,especialista
dqn,fora_pico,12,10012,160.7568075117371,821.3999999999994,1337.0,90.0,978,215.71063394683026,23.78221649484536,528.5501730103806,1065,7,especialista
dqn,fora_pico,13,10013,169.7905027932961,793.0,1033.0,87.0,998,233.74749498997997,25.92257217847769,521.1602564102565,1074,7,especialista
dqn,fora_pico,14,10014,171.7172478793591,852.0,1238.0,85.0,963,216.08203530633438,20.449311639549435,633.0267175572519,1061,7,especialista
dqn,fora_pico,15,10015,123.68546845124283,529.75,783.0,74.0,988,192.73582995951418,24.1688654353562,385.6076388888889,1046,7,especialista
dqn,fora_pico,16,10016,182.8462255358807,906.0,1448.0,87.0,980,248.7051020408163,23.087855297157624,596.4013377926422,1073,7,especialista
dqn,fora_pico,17,10017,175.58861940298507,831.4499999999999,1275.0,89.0,986,190.16937119675455,21.823086574654955,621.2290909090909,1072,7,especialista
dqn,fora_pico,18,10018,154.43160813308688,791.3000000000006,1185.0,81.0,1011,209.68447082096932,21.002469135802468,551.7757352941177,1082,7,especialista
dqn,fora_pico,19,10019,145.38491295938104,728.6999999999998,1041.0,74.0,965,199.45906735751296,23.650918635170605,486.41911764705884,1034,7,especialista
dqn,fora_pico,0,10000,112.32564575645756,525.3999999999996,785.0,80.0,1023,170.9745845552297,43.78643216080402,301.7604166666667,1084,42,especialista
dqn,fora_pico,1,10001,153.69121813031163,519.0999999999999,1073.0,138.0,923,214.06608884073674,65.81032258064516,393.50704225352115,1059,42,especialista
dqn,fora_pico,2,10002,133.03801945181254,571.0,887.0,86.0,1055,189.6872037914692,42.48470012239902,368.6496815286624,1131,42,especialista
dqn,fora_pico,3,10003,128.68285714285713,553.55,972.0,89.0,990,194.28787878787878,44.67931937172775,353.0839160839161,1050,42,especialista
dqn,fora_pico,4,10004,134.06952380952382,545.6499999999999,902.0,106.0,935,174.95401069518718,50.12965340179718,375.3579335793358,1050,42,especialista
dqn,fora_pico,5,10005,116.26708633093526,460.8000000000002,620.0,88.0,1069,179.79139382600562,46.70361445783133,321.01063829787233,1112,42,especialista
dqn,fora_pico,6,10006,126.76689774696708,578.0499999999997,939.0,95.0,1090,189.31743119266056,46.7762399077278,368.411149825784,1154,42,especialista
dqn,fora_pico,7,10007,160.8061797752809,649.3,1299.0,89.0,984,241.7012195121951,47.36543535620053,438.18709677419355,1068,42,especialista
dqn,fora_pico,8,10008,133.75138632162663,588.5500000000004,988.0,97.0,1024,194.09375,53.8360450563204,359.3780918727915,1082,42,especialista
dqn,fora_pico,9,10009,109.34042553191489,406.0,666.0,60.0,1072,164.79664179104478,42.578069129916564,303.15916955017303,1128,42,especialista
dqn,fora_pico,10,10010,132.9573115349682,577.0,816.0,89.0,1007,182.22045680238332,34.188514357053684,396.67,1101,42,especialista
dqn,fora_pico,11,10011,270.6927927927928,825.1999999999998,1192.0,194.0,939,355.1895633652822,200.87593984962405,449.2628205128205,1110,42,especialista
dqn,fora_pico,12,10012,157.00280636108513,621.5999999999999,1107.0,92.0,976,201.88934426229508,49.652061855670105,441.3174061433447,1069,42,especialista
dqn,fora_pico,13,10013,107.32437442075997,382.1999999999998,494.0,61.0,1039,172.18671799807507,34.55774278215223,282.2397476340694,1079,42,especialista
dqn,fora_pico,14,10014,173.2507042253521,851.8,1392.0,95.0,958,214.07828810020877,60.913642052565706,510.6842105263158,1065,42,especialista
dqn,fora_pico,15,10015,110.66921606118547,403.75,627.0,62.0,989,170.01314459049544,43.20448548812665,288.2326388888889,1046,42,especialista
dqn,fora_pico,16,10016,121.62959558823529,544.5999999999995,781.0,75.0,1016,187.4990157480315,49.47803617571059,299.4808917197452,1088,42,especialista
dqn,fora_pico,17,10017,138.31967943009795,515.0,873.0,85.0,1041,206.59654178674353,45.234629861982434,365.89263803680984,1123,42,especialista
dqn,fora_pico,18,10018,175.16956920256646,707.0,1358.0,113.0,994,243.3993963782696,75.0679012345679,463.7188612099644,1091,42,especialista
dqn,fora_pico,19,10019,134.24568138195778,524.9499999999999,912.0,92.0,970,188.88865979381444,48.544619422572175,367.475,1042,42,especialista
dqn,fora_pico,0,10000,115.4769372693727,447.8499999999999,659.0,80.0,997,171.41524573721165,55.528894472361806,281.1666666666667,1084,123,especialista
dqn,fora_pico,1,10001,216.0114503816794,701.9499999999995,1177.0,173.0,907,282.98787210584345,128.1225806451613,465.5128205128205,1048,123,especialista
dqn,fora_pico,2,10002,182.1887800534283,576.8999999999999,898.0,128.0,992,235.02217741935485,86.8249694002448,436.80392156862746,1123,123,especialista
dqn,fora_pico,3,10003,137.8552380952381,533.55,782.0,91.0,977,198.36438075742066,61.62041884816754,341.5034965034965,1050,123,especialista
dqn,fora_pico,4,10004,161.06118546845124,629.0,971.0,139.0,902,196.6019955654102,82.41720154043645,390.51310861423224,1046,123,especialista
dqn,fora_pico,5,10005,135.95053956834533,613.7000000000003,910.0,129.0,1004,198.22509960159363,49.78915662650602,389.54609929078015,1112,123,especialista
dqn,fora_pico,6,10006,141.9991334488735,543.3499999999999,918.0,87.0,1082,205.88817005545286,57.17877739331026,398.23344947735194,1154,123,especialista
dqn,fora_pico,7,10007,177.58426966292134,590.0499999999996,843.0,107.0,993,260.24672708962737,73.26912928759894,432.6516129032258,1068,123,especialista
dqn,fora_pico,8,10008,145.22735674676525,590.95,833.0,79.0,1019,210.99214916584887,42.988735919899874,433.8798586572438,1082,123,especialista
dqn,fora_pico,9,10009,139.2677304964539,501.9499999999996,693.0,91.0,1077,204.92757660167132,63.29558998808105,359.8235294117647,1128,123,especialista
dqn,fora_pico,10,10010,137.813698630137,641.3,801.0,106.0,979,185.32277834525024,42.23720349563046,398.2108843537415,1095,123,especialista
dqn,fora_pico,11,10011,155.94324324324324,561.3999999999996,829.0,96.0,1020,223.6362745098039,63.81328320802005,391.5833333333333,1110,123,especialista
dqn,fora_pico,12,10012,153.99171270718233,543.75,855.0,90.0,1012,223.95256916996047,62.54381443298969,382.90645161290325,1086,123,especialista
dqn,fora_pico,13,10013,121.94253938832252,436.1999999999998,676.0,79.0,1038,188.48554913294797,62.688976377952756,264.3753943217666,1079,123,especialista
dqn,fora_pico,14,10014,153.32509157509156,571.8000000000002,1026.0,94.0,990,219.77878787878788,49.95369211514393,435.2150170648464,1092,123,especialista
dqn,fora_pico,15,10015,160.65200764818357,574.75,759.0,89.0,956,229.9058577405858,63.96306068601583,415.13194444444446,1046,123,especialista
dqn,fora_pico,16,10016,143.4034926470588,577.6499999999999,881.0,91.0,1003,214.26719840478563,44.28036175710594,387.7388535031847,1088,123,especialista
dqn,fora_pico,17,10017,141.61709706144256,575.7999999999984,901.0,106.0,1036,208.8600386100386,53.60100376411543,356.79754601226995,1123,123,especialista
dqn,fora_pico,18,10018,156.11192660550458,547.55,1046.0,180.0,933,193.2443729903537,85.45061728395062,360.525,1090,123,especialista
dqn,fora_pico,19,10019,163.65388302972195,577.8,822.0,103.0,938,216.80597014925374,73.21128608923884,408.9110320284698,1043,123,especialista
dqn,fora_pico,0,10000,193.80635551142007,1156.099999999999,2078.0,92.0,920,153.6271739130435,37.0213567839196,785.2796208530806,1007,777,especialista
dqn,fora_pico,1,10001,206.99159663865547,1779.8999999999999,2504.0,94.0,865,118.6635838150289,24.846451612903227,1004.5197740112994,952,777,especialista
dqn,fora_pico,2,10002,235.5910973084886,2133.75,2800.0,97.0,880,116.7125,30.496940024479805,1360.1677852348994,966,777,especialista
dqn,fora_pico,3,10003,231.25501113585747,2295.75,3042.0,85.0,811,83.07151664611591,13.75916230366492,1471.3059701492537,898,777,especialista
dqn,fora_pico,4,10004,186.9625615763547,980.7999999999997,1617.0,107.0,932,188.06223175965664,93.7599486521181,494.6101694915254,1015,777,especialista
dqn,fora_pico,5,10005,147.89181561618062,851.6999999999997,1629.0,86.0,975,136.17128205128205,20.96385542168675,600.0386266094421,1063,777,especialista
dqn,fora_pico,6,10006,239.16089613034623,2585.9499999999985,3249.0,99.0,894,82.21812080536913,26.046136101499425,1845.8608695652174,982,777,especialista
dqn,fora_pico,7,10007,267.3251670378619,2097.15,2922.0,104.0,810,142.83703703703705,44.98153034300792,1471.1571428571428,898,777,especialista
dqn,fora_pico,8,10008,202.79369918699186,1669.0499999999988,2381.0,94.0,897,129.59977703455965,29.499374217772214,951.2378378378378,984,777,especialista
dqn,fora_pico,9,10009,260.46861471861473,2943.9499999999994,3465.0,85.0,838,58.256563245823386,10.932061978545889,2723.541176470588,924,777,especialista
dqn,fora_pico,10,10010,274.2474690663667,2999.599999999998,3545.0,87.0,794,57.39294710327456,9.930087390761548,2680.1363636363635,889,777,especialista
dqn,fora_pico,11,10011,156.94414414414413,812.3499999999992,1063.0,95.0,1050,235.75809523809525,36.76065162907268,464.33653846153845,1110,777,especialista
dqn,fora_pico,12,10012,198.1167355371901,1594.7999999999997,2166.0,94.0,885,129.53898305084746,24.61855670103093,899.3385416666666,968,777,especialista
dqn,fora_pico,13,10013,220.17259978425028,2070.7,2702.0,85.0,838,98.5346062052506,15.354330708661417,1166.060606060606,927,777,especialista
dqn,fora_pico,14,10014,295.8809261300992,2674.2999999999993,3377.0,189.0,818,129.70293398533008,73.59574468085107,1940.3796296296296,907,777,especialista
dqn,fora_pico,15,10015,248.34522439585731,2396.3999999999996,3017.0,85.0,779,78.83440308087292,14.236147757255937,1847.036036036036,869,777,especialista
dqn,fora_pico,16,10016,268.6696935300794,2626.0,3419.0,85.0,793,82.95838587641866,28.873385012919897,2003.271028037383,881,777,especialista
dqn,fora_pico,17,10017,258.53922651933703,2792.9999999999995,3402.0,89.0,819,68.60805860805861,15.383939774153074,2052.935185185185,905,777,especialista
dqn,fora_pico,18,10018,255.93798449612405,2765.8,3456.0,91.0,822,67.2919708029197,19.881481481481483,2311.9139784946237,903,777,especialista
dqn,fora_pico,19,10019,233.2340425531915,2240.7999999999993,2954.0,85.0,807,90.35068153655514,15.686351706036746,1498.6641221374045,893,777,especialista
dqn,fora_pico,0,10000,69.79059040590406,409.6999999999998,687.0,48.0,1030,123.15728155339806,16.51005025125628,217.05208333333334,1084,2024,especialista
dqn,fora_pico,1,10001,157.8953488372093,971.3499999999998,1402.0,91.0,964,219.32261410788382,37.51225806451613,520.9182879377432,1032,2024,especialista
dqn,fora_pico,2,10002,111.63799283154121,559.25,1069.0,78.0,1046,148.5095602294455,30.347613219094246,333.75919732441474,1116,2024,especialista
dqn,fora_pico,3,10003,152.24190476190475,689.0999999999999,1393.0,91.0,946,220.20084566596194,45.95026178010471,436.1818181818182,1050,2024,especialista
dqn,fora_pico,4,10004,86.29530201342281,406.5999999999999,1105.0,70.0,971,113.75077239958806,23.797175866495508,270.7121212121212,1043,2024,especialista
dqn,fora_pico,5,10005,82.35881294964028,367.45000000000005,648.0,59.0,1079,141.37071362372566,28.557831325301205,240.70921985815602,1112,2024,especialista
dqn,fora_pico,6,10006,109.79232111692845,657.75,1028.0,87.0,1062,149.7702448210923,26.643598615916954,368.17921146953404,1146,2024,especialista
dqn,fora_pico,7,10007,286.8325404376784,864.0,1405.0,188.0,871,381.8427095292767,202.9142480211082,503.93174061433444,1051,2024,especialista
dqn,fora_pico,8,10008,127.930426716141,633.4999999999998,1143.0,90.0,995,174.94773869346733,36.829787234042556,388.82437275985666,1078,2024,especialista
dqn,fora_pico,9,10009,157.1251109139308,750.7,1127.0,95.0,1027,226.17234664070108,47.69606674612634,475.91319444444446,1127,2024,especialista
dqn,fora_pico,10,10010,121.08754512635379,395.8999999999992,934.0,92.0,1064,188.2640977443609,71.19975031210986,251.25081433224756,1108,2024,especialista
dqn,fora_pico,11,10011,97.92432432432433,479.0999999999999,936.0,86.0,1051,158.74215033301618,28.174185463659146,276.32371794871796,1110,2024,especialista
dqn,fora_pico,12,10012,132.64147465437787,654.5999999999999,975.0,82.0,1001,192.16983016983016,34.12242268041237,380.05501618122975,1085,2024,especialista
dqn,fora_pico,13,10013,161.10244360902254,620.0,1096.0,101.0,994,216.56338028169014,59.00787401574803,418.70529801324506,1064,2024,especialista
dqn,fora_pico,14,10014,230.16666666666666,849.2499999999993,1350.0,185.0,879,273.6063708759954,123.26408010012516,570.4661354581673,1050,2024,especialista
dqn,fora_pico,15,10015,107.33078393881453,489.5,947.0,78.0,975,158.38358974358974,30.33509234828496,309.9791666666667,1046,2024,especialista
dqn,fora_pico,16,10016,162.85202205882354,723.5999999999995,1076.0,93.0,1018,238.96954813359528,48.0671834625323,445.7929936305732,1088,2024,especialista
dqn,fora_pico,17,10017,106.73642030276046,470.0,967.0,83.0,1067,167.5688847235239,28.730238393977416,297.4447852760736,1123,2024,especialista
dqn,fora_pico,18,10018,168.93709528214617,693.0,1462.0,96.0,988,230.46862348178138,45.19259259259259,538.8007380073801,1081,2024,especialista
dqn,fora_pico,19,10019,159.5397890699904,687.9,1184.0,91.0,964,231.45850622406638,52.51574803149607,449.7615658362989,1043,2024,especialista
dqn,balanceado,0,10000,236.58923766816145,3144.5,3340.0,90.0,1022,65.3522504892368,13.099899091826439,2022.7016129032259,1115,7,especialista
dqn,balanceado,1,10001,243.49446494464945,3133.649999999992,3385.0,91.0,995,68.10251256281407,13.670781893004115,2238.035714285714,1084,7,especialista
dqn,balanceado,2,10002,214.39932603201348,2212.7,2938.0,94.0,1103,110.42792384406165,14.647749510763209,1451.648484848485,1187,7,especialista
dqn,balanceado,3,10003,218.17368873602751,2174.0,2836.0,91.0,1075,121.4493023255814,20.0790273556231,1329.0795454545455,1163,7,especialista
dqn,balanceado,4,10004,220.84448305821024,2678.0,3106.0,92.0,1062,88.72504708097928,15.142421159715157,1424.4464285714287,1151,7,especialista
dqn,balanceado,5,10005,150.85744985673352,658.25,796.0,92.0,1306,221.74961715160796,23.798403193612774,473.98730964467006,1396,7,especialista
dqn,balanceado,6,10006,157.07644197359278,773.0,980.0,102.0,1340,222.84029850746268,26.46025878003697,552.9495798319327,1439,7,especialista
dqn,balanceado,7,10007,137.09583333333333,567.1499999999999,774.0,103.0,1345,216.60446096654275,32.47107438016529,351.66525423728814,1440,7,especialista
dqn,balanceado,8,10008,151.1212976022567,646.7499999999993,871.0,92.0,1326,219.80316742081448,27.34752475247525,457.5220588235294,1418,7,especialista
dqn,balanceado,9,10009,236.24165202108964,3287.2999999999997,3462.0,90.0,1048,59.26049618320611,13.005763688760807,2632.0,1138,7,especialista
dqn,balanceado,10,10010,155.75588865096358,692.0,908.0,92.0,1298,226.56009244992296,25.996,479.3466334164589,1401,7,especialista
dqn,balanceado,11,10011,154.58147882268486,761.3999999999999,943.0,92.0,1298,226.58320493066256,29.321608040201006,467.73115577889445,1393,7,especialista
dqn,balanceado,12,10012,159.32516703786192,817.7,1106.0,93.0,1251,238.04716227018386,26.040941658137154,511.26756756756754,1347,7,especialista
dqn,balanceado,13,10013,211.63862660944207,2376.8,2921.0,89.0,1072,103.25746268656717,17.698857736240914,1136.2128712871288,1165,7,especialista
dqn,balanceado,14,10014,242.75157515751576,3313.0,3476.0,91.0,1009,59.17938553022795,13.289345063538612,2910.25,1111,7,especialista
dqn,balanceado,15,10015,246.390243902439,3112.0,3302.0,87.0,980,69.98163265306123,13.815090329436769,1997.216,1066,7,especialista
dqn,balanceado,16,10016,199.14890154597234,2330.6,2648.0,90.0,1135,111.9885462555066,15.34320735444331,918.932,1229,7,especialista
dqn,balanceado,17,10017,234.25486725663717,2993.55,3329.0,95.0,1035,71.55942028985507,15.378894472361809,1847.4518518518519,1130,7,especialista
dqn,balanceado,18,10018,226.2231985940246,2798.1499999999996,3257.0,90.0,1055,76.07962085308057,14.50251256281407,1699.3846153846155,1138,7,especialista
dqn,balanceado,19,10019,159.44551519644182,709.7999999999997,1034.0,98.0,1259,245.8347895154885,28.12578616352201,476.60759493670884,1349,7,especialista
dqn,balanceado,0,10000,237.39420111042566,472.0,629.0,190.0,1425,367.83228070175437,246.06155398587285,223.76031746031745,1621,42,especialista
dqn,balanceado,1,10001,233.28157732593962,510.0,681.0,193.0,1443,357.6978516978517,250.99074074074073,206.84024577572964,1623,42,especialista
dqn,balanceado,2,10002,229.24429364589759,446.0,650.0,198.0,1442,351.3841886269071,226.8962818003914,233.25041736227044,1621,42,especialista
dqn,balanceado,3,10003,211.47277227722773,523.0,732.0,198.0,1418,333.6488011283498,215.94602851323828,204.5441640378549,1616,42,especialista
dqn,balanceado,4,10004,138.4126611957796,348.75,576.0,159.0,1532,248.72715404699738,124.24313326551373,157.6777316735823,1706,42,especialista
dqn,balanceado,5,10005,208.63173834039975,536.0,744.0,214.0,1462,330.56497948016414,218.5319361277445,193.34668721109398,1651,42,especialista
dqn,balanceado,6,10006,248.93313432835822,549.8999999999999,870.0,210.0,1472,366.0964673913044,257.7092803030303,233.96122778675283,1675,42,especialista
dqn,balanceado,7,10007,130.49940546967895,237.0,556.0,116.0,1565,251.48370607028755,115.1198347107438,151.3501400560224,1682,42,especialista
dqn,balanceado,8,10008,236.69165659008465,566.3499999999999,796.0,219.0,1463,355.3383458646617,253.74478649453823,210.1499227202473,1654,42,especialista
dqn,balanceado,9,10009,225.31556632344035,475.5,636.0,202.0,1456,342.25755494505495,228.79923150816524,219.3704918032787,1651,42,especialista
dqn,balanceado,10,10010,179.69387755102042,432.29999999999995,751.0,187.0,1525,298.34360655737703,182.837,175.2979020979021,1715,42,especialista
dqn,balanceado,11,10011,224.41676866585067,496.3499999999999,634.0,194.0,1449,352.35403726708074,236.05125628140703,206.30046948356807,1634,42,especialista
dqn,balanceado,12,10012,232.1143216080402,456.4499999999998,603.0,191.0,1411,357.6172927002126,239.22824974411463,220.8130081300813,1592,42,especialista
dqn,balanceado,13,10013,182.76927784577722,511.74999999999955,816.0,182.0,1441,298.6349757113116,191.3893048128342,171.23891273247497,1634,42,especialista
dqn,balanceado,14,10014,244.69627329192548,556.55,693.0,204.0,1414,371.9207920792079,252.39546351084812,231.59731543624162,1610,42,especialista
dqn,balanceado,15,10015,142.25959232613909,284.0,536.0,160.0,1496,257.1898395721925,132.2837407013815,155.171939477304,1668,42,especialista
dqn,balanceado,16,10016,112.86138613861387,228.0,809.0,95.0,1594,228.34818067754077,82.17364657814096,153.57046070460706,1717,42,especialista
dqn,balanceado,17,10017,184.7571770334928,401.89999999999964,554.0,193.0,1470,298.18979591836734,178.99899497487436,193.22008862629247,1672,42,especialista
dqn,balanceado,18,10018,252.08387096774194,593.1999999999998,876.0,208.0,1345,365.6840148698885,258.6577319587629,241.08965517241379,1550,42,especialista
dqn,balanceado,19,10019,181.65297363580626,445.0,625.0,201.0,1449,291.9848171152519,174.85324947589098,191.23485967503692,1631,42,especialista
dqn,balanceado,0,10000,185.57908327953518,433.0,498.0,134.0,1404,289.17236467236467,126.44904137235116,290.5931899641577,1549,123,especialista
dqn,balanceado,1,10001,180.11548556430446,401.5499999999997,544.0,134.0,1380,280.3927536231884,118.6059670781893,288.4257246376812,1524,123,especialista
dqn,balanceado,2,10002,240.58270418668496,654.2,899.0,203.0,1340,358.3134328358209,171.81409001956948,402.14942528735634,1457,123,especialista
dqn,balanceado,3,10003,314.91288696904246,702.1999999999998,915.0,204.0,1197,450.9799498746867,261.4192229038855,442.2043795620438,1389,123,especialista
dqn,balanceado,4,10004,176.59825620389,446.0,851.0,123.0,1360,279.40441176470586,104.98270600203459,315.1771653543307,1491,123,especialista
dqn,balanceado,5,10005,262.69890260631,603.0,853.0,200.0,1288,370.80357142857144,206.10279441117765,387.06140350877195,1458,123,especialista
dqn,balanceado,6,10006,165.13226205191594,409.0,622.0,130.0,1498,265.0934579439252,98.6645101663586,299.30783582089555,1618,123,especialista
dqn,balanceado,7,10007,191.83625336927224,470.39999999999964,734.0,130.0,1339,305.26512322628827,131.30165289256198,305.39728682170545,1484,123,especialista
dqn,balanceado,8,10008,144.0571249215317,405.39999999999986,556.0,118.0,1486,239.12045760430686,74.33960396039603,264.8370497427101,1593,123,especialista
dqn,balanceado,9,10009,303.3102473498233,662.3,917.0,196.0,1235,408.94736842105266,230.5494716618636,505.83422459893046,1415,123,especialista
dqn,balanceado,10,10010,164.36177036561898,447.1999999999998,567.0,132.0,1409,263.78850248403126,93.272,291.5348837209302,1559,123,especialista
dqn,balanceado,11,10011,254.9953642384106,498.0,738.0,194.0,1358,387.61561119293077,219.19396984924623,324.1650485436893,1510,123,especialista
dqn,balanceado,12,10012,183.8096532970768,489.5,759.0,135.0,1332,281.64639639639637,107.10337768679632,335.51417004048585,1471,123,especialista
dqn,balanceado,13,10013,222.79103448275862,632.0999999999999,836.0,195.0,1278,330.30281690140845,164.05503634475596,338.9363449691992,1450,123,especialista
dqn,balanceado,14,10014,221.17817225509532,484.0,769.0,192.0,1339,326.77520537714713,169.6483300589391,325.4671968190855,1521,123,especialista
dqn,balanceado,15,10015,172.12508451656524,402.1999999999998,529.0,137.0,1389,281.79985601151907,104.66950053134963,290.1096654275093,1479,123,especialista
dqn,balanceado,16,10016,228.85073627844713,479.3499999999999,669.0,193.0,1298,323.97226502311247,170.9376915219612,338.94174757281553,1494,123,especialista
dqn,balanceado,17,10017,173.07997440818937,426.89999999999986,596.0,140.0,1456,278.7465659340659,112.68040201005026,278.88556338028167,1563,123,especialista
dqn,balanceado,18,10018,223.05578512396696,639.0,891.0,193.0,1281,320.8680718188915,155.11256281407034,370.9846827133479,1452,123,especialista
dqn,balanceado,19,10019,185.84072022160666,499.09999999999945,694.0,123.0,1341,277.5749440715884,99.83333333333333,353.2918367346939,1444,123,especialista
dqn,balanceado,0,10000,194.52335766423357,1535.2499999999993,1924.0,161.0,1278,189.37480438184664,74.09889001009081,509.4063324538259,1370,777,especialista
dqn,balanceado,1,10001,233.8832116788321,3106.0,3298.0,88.0,1007,64.88977159880834,8.344650205761317,2001.8145161290322,1096,777,especialista
dqn,balanceado,2,10002,240.15855855855855,3338.95,3505.0,87.0,1022,56.72700587084149,9.49119373776908,2919.0454545454545,1110,777,especialista
dqn,balanceado,3,10003,189.75453367875647,876.8499999999999,1480.0,135.0,1454,270.39064649243466,141.91995947315095,274.51705565529625,1544,777,especialista
dqn,balanceado,4,10004,233.38888888888889,3020.0,3286.0,93.0,1029,74.11273080660835,13.253306205493388,1860.406015037594,1116,777,especialista
dqn,balanceado,5,10005,224.5660542432196,3073.0,3248.0,87.0,1051,68.02854424357754,10.893213572854291,1743.0070921985816,1143,777,especialista
dqn,balanceado,6,10006,228.47264957264957,3319.2,3550.0,89.0,1080,53.63333333333333,6.865988909426987,2953.2272727272725,1170,777,especialista
dqn,balanceado,7,10007,194.42298850574713,1786.8,1994.0,119.0,1213,171.94888705688376,57.417355371900825,587.9584569732938,1305,777,especialista
dqn,balanceado,8,10008,240.95829555757027,3304.8999999999996,3494.0,87.0,1013,55.64856860809477,7.568316831683168,2775.6236559139784,1103,777,especialista
dqn,balanceado,9,10009,217.5738684884714,2989.0,3305.0,87.0,1085,66.64516129032258,8.994236311239193,1887.8153846153846,1171,777,especialista
dqn,balanceado,10,10010,237.97209720972097,3244.0,3464.0,87.0,1008,60.23809523809524,8.451,2305.7297297297296,1111,777,especialista
dqn,balanceado,11,10011,213.72377049180326,2441.1,2756.0,122.0,1126,125.1056838365897,34.17386934673367,1007.7333333333333,1220,777,especialista
dqn,balanceado,12,10012,243.58556891766884,3245.0,3466.0,86.0,994,59.143863179074444,8.433981576253839,2452.653846153846,1081,777,especialista
dqn,balanceado,13,10013,195.4179523141655,1022.75,1456.0,154.0,1332,244.42567567567568,113.93561786085151,364.8941684665227,1426,777,especialista
dqn,balanceado,14,10014,192.42290076335877,2101.55,2351.0,125.0,1213,140.1681780708986,42.30107526881721,727.5261324041812,1310,777,especialista
dqn,balanceado,15,10015,238.34322820037104,3052.15,3227.0,94.0,989,71.80687563195147,11.107332624867162,1799.1386861313867,1078,777,especialista
dqn,balanceado,16,10016,194.57709580838323,1758.5,2051.0,126.0,1246,172.48876404494382,59.651685393258425,564.5826330532213,1336,777,especialista
dqn,balanceado,17,10017,229.59183673469389,3125.8,3318.0,87.0,1037,63.86595949855352,8.94070351758794,1892.8333333333333,1127,777,especialista
dqn,balanceado,18,10018,240.7256880733945,3279.1,3496.0,86.0,1008,55.37896825396825,8.457286432160805,2673.4315789473685,1090,777,especialista
dqn,balanceado,19,10019,245.36491557223263,3219.25,3380.0,86.0,975,62.31589743589743,9.027253668763104,2258.4553571428573,1066,777,especialista
dqn,balanceado,0,10000,265.10927573062264,547.0499999999997,752.0,204.0,1394,394.14203730272595,270.61957618567106,255.7427101200686,1574,2024,especialista
dqn,balanceado,1,10001,263.111833550065,505.14999999999986,633.0,197.0,1342,384.3874813710879,262.3755144032922,264.37632508833923,1538,2024,especialista
dqn,balanceado,2,10002,237.86357786357786,499.0,673.0,192.0,1362,351.62187958883993,216.35518590998043,279.1823308270677,1554,2024,especialista
dqn,balanceado,3,10003,235.87284345047922,596.1999999999998,850.0,203.0,1351,355.0858623242043,241.9555785123967,226.01005025125627,1565,2024,especialista
dqn,balanceado,4,10004,246.6629653821032,603.5,763.0,202.0,1351,373.44115470022206,234.36927772126145,268.7153284671533,1531,2024,especialista
dqn,balanceado,5,10005,234.09183027232424,554.0999999999999,694.0,195.0,1393,352.3697056712132,230.43912175648703,240.43500866551128,1579,2024,especialista
dqn,balanceado,6,10006,273.10819262038774,565.0,790.0,206.0,1400,400.6192857142857,259.90926099158094,299.73018867924526,1599,2024,especialista
dqn,balanceado,7,10007,281.5378266850069,601.0499999999997,756.0,199.0,1258,410.52305246422895,262.1456611570248,320.1625514403292,1454,2024,especialista
dqn,balanceado,8,10008,273.35357368753955,549.0,924.0,197.0,1373,391.99198834668607,288.414314516129,247.9881154499151,1581,2024,especialista
dqn,balanceado,9,10009,232.97827436374922,490.5,608.0,200.0,1464,362.1659836065574,223.85206532180595,249.64561403508773,1611,2024,especialista
dqn,balanceado,10,10010,217.44962686567163,491.64999999999986,680.0,191.0,1416,332.71398305084745,207.503,233.80921052631578,1608,2024,especialista
dqn,balanceado,11,10011,244.6813880126183,529.8,773.0,196.0,1418,372.54231311706627,246.70050251256282,241.27627118644068,1585,2024,especialista
dqn,balanceado,12,10012,258.7002652519894,502.0,637.0,191.0,1364,389.2096774193548,243.94779938587513,285.8436911487759,1508,2024,especialista
dqn,balanceado,13,10013,260.5292942743009,649.0,906.0,198.0,1315,386.67376425855514,263.2636655948553,256.0456942003515,1502,2024,especialista
dqn,balanceado,14,10014,267.1451822916667,570.25,727.0,204.0,1328,388.9201807228916,261.26078234704113,278.02968460111316,1536,2024,especialista
dqn,balanceado,15,10015,284.2249488752556,536.0,664.0,200.0,1264,415.55775316455697,276.5951115834219,297.8745247148289,1467,2024,especialista
dqn,balanceado,16,10016,263.57824427480915,487.0,617.0,198.0,1363,393.28980190755686,274.19203268641473,246.0556492411467,1572,2024,especialista
dqn,balanceado,17,10017,272.2151573538857,494.1999999999998,616.0,197.0,1366,397.9655929721815,272.8261306532663,271.1334519572954,1557,2024,especialista
dqn,balanceado,18,10018,271.3587322993931,614.7999999999997,800.0,204.0,1293,396.8808971384377,258.6136363636364,295.31456310679613,1483,2024,especialista
dqn,balanceado,19,10019,252.62084993359895,516.0,650.0,191.0,1323,376.0604686318972,241.38993710691824,272.03079710144925,1506,2024,especialista
dqn,pico_invertido,0,10000,151.6280303030303,613.05,713.0,87.0,1230,230.6138211382114,30.476793248945146,460.3682795698925,1320,7,especialista
dqn,pico_invertido,1,10001,145.0014619883041,655.2999999999997,1008.0,92.0,1287,219.94949494949495,29.65069860279441,460.7978142076503,1368,7,especialista
dqn,pico_invertido,2,10002,138.08778089887642,606.0,813.0,88.0,1326,210.21191553544494,25.7703488372093,433.78061224489795,1424,7,especialista
dqn,pico_invertido,3,10003,146.53612716763007,591.6999999999998,827.0,91.0,1302,226.56758832565285,34.87141444114738,449.19839142091155,1384,7,especialista
dqn,pico_invertido,4,10004,151.5262768319763,645.5,808.0,92.0,1255,238.68207171314742,37.26680455015512,439.2578125,1351,7,especialista
dqn,pico_invertido,5,10005,127.46955913226031,520.5999999999999,715.0,83.0,1341,204.35421327367635,22.557328015952145,374.481220657277,1429,7,especialista
dqn,pico_invertido,6,10006,166.93651979088872,994.5999999999995,1272.0,114.0,1251,242.1207034372502,47.63673469387755,492.6016713091922,1339,7,especialista
dqn,pico_invertido,7,10007,136.2278298485941,524.7,631.0,87.0,1292,219.20975232198143,29.748958333333334,375.6182669789227,1387,7,especialista
dqn,pico_invertido,8,10008,178.67796610169492,1190.1499999999999,1739.0,101.0,1189,177.48275862068965,36.911021233569265,632.4239482200647,1298,7,especialista
dqn,pico_invertido,9,10009,147.41986947063089,582.0999999999999,695.0,98.0,1287,228.16705516705517,37.23147208121827,422.89086294416245,1379,7,especialista
dqn,pico_invertido,10,10010,176.17142857142858,1066.1,1672.0,118.0,1201,180.20566194837636,41.31573802541544,625.5439739413681,1330,7,especialista
dqn,pico_invertido,11,10011,137.67910983488872,597.1999999999996,810.0,84.0,1307,213.67635807192042,26.651873767258383,434.7282321899736,1393,7,especialista
dqn,pico_invertido,12,10012,153.93809874723655,600.0,751.0,92.0,1266,227.3870458135861,32.793422404933196,460.9010416666667,1357,7,especialista
dqn,pico_invertido,13,10013,150.8653404743688,606.0,775.0,85.0,1228,231.2858306188925,30.74288840262582,430.23409669211196,1307,7,especialista
dqn,pico_invertido,14,10014,135.0929041697147,555.1000000000001,733.0,83.0,1283,217.12392829306313,24.884811416921508,415.18134715025906,1367,7,especialista
dqn,pico_invertido,15,10015,146.48446327683615,586.25,738.0,104.0,1330,229.53533834586466,41.02261553588987,415.29323308270676,1416,7,especialista
dqn,pico_invertido,16,10016,154.09826589595374,628.8499999999999,994.0,108.0,1263,206.69754552652415,37.55631067961165,493.18926553672316,1384,7,especialista
dqn,pico_invertido,17,10017,141.22390208783298,586.5999999999999,786.0,88.0,1290,218.33875968992248,26.365365365365367,435.4384615384615,1389,7,especialista
dqn,pico_invertido,18,10018,163.0802556818182,864.8499999999988,1192.0,111.0,1314,247.0966514459665,53.96926032660903,472.574931880109,1408,7,especialista
dqn,pico_invertido,19,10019,176.67188723570868,1061.4,1488.0,93.0,1184,185.6748310810811,27.063316582914574,704.5460992907801,1277,7,especialista
dqn,pico_invertido,0,10000,160.2993024730501,388.39999999999964,611.0,189.0,1402,276.8216833095578,141.15822784810126,189.14785373608902,1577,42,especialista
dqn,pico_invertido,1,10001,206.3245283018868,458.0,627.0,182.0,1412,333.5913597733711,203.46407185628743,211.19897959183675,1590,42,especialista
dqn,pico_invertido,2,10002,223.34771886559804,416.0,519.0,186.0,1452,356.9931129476584,228.39341085271317,214.5220338983051,1622,42,especialista
dqn,pico_invertido,3,10003,237.50532247964935,463.1999999999998,616.0,194.0,1411,365.70659107016303,248.98615232443126,217.69795221843003,1597,42,especialista
dqn,pico_invertido,4,10004,180.40870098039215,394.4499999999998,541.0,181.0,1457,302.0631434454358,184.6390899689762,174.25714285714287,1632,42,especialista
dqn,pico_invertido,5,10005,242.21849271690942,561.1999999999998,797.0,200.0,1398,370.96065808297567,263.20654396728014,208.0648918469218,1579,42,especialista
dqn,pico_invertido,6,10006,253.54188144329896,458.4499999999998,607.0,194.0,1370,392.5189781021898,267.9010204081633,228.94055944055944,1552,42,especialista
dqn,pico_invertido,7,10007,212.91917293233084,435.0,566.0,198.0,1436,346.3816155988858,222.58125,198.33490566037736,1596,42,especialista
dqn,pico_invertido,8,10008,238.933868974042,491.0,650.0,193.0,1426,373.9438990182328,258.4438827098079,208.25755166931637,1618,42,especialista
dqn,pico_invertido,9,10009,196.1261711430356,430.0,697.0,200.0,1431,327.3570929419986,193.2243654822335,200.76623376623377,1601,42,especialista
dqn,pico_invertido,10,10010,208.4283973187081,420.0,650.0,181.0,1457,340.751544269046,219.54905847373638,190.6740506329114,1641,42,especialista
dqn,pico_invertido,11,10011,211.82248157248156,395.2999999999997,617.0,176.0,1465,343.93174061433444,220.1449704142012,198.07817589576547,1628,42,especialista
dqn,pico_invertido,12,10012,207.29805352798053,475.0,633.0,181.0,1461,325.82888432580427,225.30546955624354,181.4474074074074,1644,42,especialista
dqn,pico_invertido,13,10013,164.47490347490347,363.74999999999955,523.0,169.0,1368,275.23830409356725,153.23522975929978,180.5265625,1554,42,especialista
dqn,pico_invertido,14,10014,250.6835278858625,603.8499999999995,811.0,202.0,1341,362.02386278896347,269.16926272066456,219.9378238341969,1542,42,especialista
dqn,pico_invertido,15,10015,239.7158026233604,462.0,605.0,193.0,1410,371.56524822695036,248.91052114060963,223.70376712328766,1601,42,especialista
dqn,pico_invertido,16,10016,205.05558949297495,471.39999999999964,630.0,192.0,1454,323.26341127922973,209.76344086021504,197.21172638436482,1637,42,especialista
dqn,pico_invertido,17,10017,198.36876876876877,440.79999999999995,539.0,168.0,1478,326.23815967523683,209.80380380380382,181.21621621621622,1665,42,especialista
dqn,pico_invertido,18,10018,223.89261744966444,455.0999999999999,651.0,202.0,1457,349.557309540151,231.70028818443805,210.30100334448161,1639,42,especialista
dqn,pico_invertido,19,10019,192.5300063171194,494.89999999999986,811.0,191.0,1407,316.135039090263,193.11550468262226,191.62540192926045,1583,42,especialista
dqn,pico_invertido,0,10000,319.9984790874525,685.0,996.0,186.0,1124,456.7482206405694,261.92021276595744,465.58133333333336,1315,123,especialista
dqn,pico_invertido,1,10001,246.7054747054747,611.8999999999999,928.0,184.0,1278,359.3286384976526,197.17365269461078,359.2471655328798,1443,123,especialista
dqn,pico_invertido,2,10002,170.90445448676564,410.5999999999999,747.0,131.0,1406,282.59743954480797,114.20348837209302,284.0870406189555,1549,123,especialista
dqn,pico_invertido,3,10003,183.59190444591906,414.0,541.0,161.0,1341,286.7524235645041,124.86547972304649,303.2943548387097,1507,123,especialista
dqn,pico_invertido,4,10004,162.12920237310482,408.0,658.0,129.0,1375,265.5432727272727,109.60082730093072,254.48363636363635,1517,123,especialista
dqn,pico_invertido,5,10005,211.0308932169241,476.0,557.0,182.0,1328,335.05120481927713,164.07078763708873,307.94650205761315,1489,123,especialista
dqn,pico_invertido,6,10006,199.04761904761904,431.64999999999986,670.0,140.0,1316,307.8731003039514,144.47448979591837,308.1938775510204,1470,123,especialista
dqn,pico_invertido,7,10007,260.73169014084505,576.05,839.0,191.0,1244,377.0008038585209,216.90104166666666,352.204347826087,1420,123,especialista
dqn,pico_invertido,8,10008,246.92307692307693,469.89999999999986,681.0,183.0,1315,374.30342205323194,199.64206268958543,349.92070484581495,1443,123,especialista
dqn,pico_invertido,9,10009,334.59070464767615,738.3499999999999,979.0,188.0,1148,483.4459930313589,282.6045548654244,471.05434782608694,1334,123,especialista
dqn,pico_invertido,10,10010,220.0245033112583,474.0999999999999,698.0,177.0,1310,339.82595419847326,177.35092864125122,309.6652977412731,1510,123,especialista
dqn,pico_invertido,11,10011,246.86639400136332,474.0,650.0,179.0,1303,372.5725249424405,208.42011834319527,332.924944812362,1467,123,especialista
dqn,pico_invertido,12,10012,222.6,457.5999999999999,658.0,179.0,1314,339.35540334855403,171.83350462487152,322.9979674796748,1465,123,especialista
dqn,pico_invertido,13,10013,205.31712626995645,490.14999999999986,779.0,175.0,1202,304.56988352745424,139.82166301969366,334.3318965517241,1378,123,especialista
dqn,pico_invertido,14,10014,222.95807560137456,487.29999999999995,688.0,179.0,1288,337.32686335403724,178.45056065239552,315.0717299578059,1455,123,especialista
dqn,pico_invertido,15,10015,187.00393959290872,374.0,515.0,125.0,1393,302.2361809045226,134.33333333333334,292.8656126482214,1523,123,especialista
dqn,pico_invertido,16,10016,228.21201657458565,584.2999999999997,970.0,186.0,1285,342.1330739299611,162.3844660194175,390.41866028708137,1448,123,especialista
dqn,pico_invertido,17,10017,255.34181568088033,497.0,672.0,186.0,1260,370.23333333333335,208.018018018018,359.24615384615385,1454,123,especialista
dqn,pico_invertido,18,10018,245.17294751009422,488.75,665.0,172.0,1309,365.7975553857907,196.28722382324688,359.53258426966295,1486,123,especialista
dqn,pico_invertido,19,10019,252.73285714285714,556.0,879.0,184.0,1239,365.80710250201776,195.70734229576007,380.0854503464203,1400,123,especialista
dqn,pico_invertido,0,10000,216.21318879855465,2836.1000000000004,3130.0,82.0,1016,82.125,11.787974683544304,1435.0503144654087,1107,777,especialista
dqn,pico_invertido,1,10001,244.5879218472469,3131.25,3342.0,99.0,1028,100.67315175097276,50.29840319361278,1814.5725806451612,1126,777,especialista
dqn,pico_invertido,2,10002,225.4251550044287,3353.6,3477.0,89.0,1035,57.05797101449275,8.638565891472869,2531.855670103093,1129,777,especialista
dqn,pico_invertido,3,10003,170.70747849106553,754.5,1385.0,151.0,1402,264.1191155492154,114.62413452027695,284.108,1511,777,especialista
dqn,pico_invertido,4,10004,205.28087167070217,2065.1,2332.0,132.0,1146,161.75828970331588,55.613236814891415,737.3713235294117,1239,777,especialista
dqn,pico_invertido,5,10005,223.4179008370895,511.0,1304.0,183.0,1436,341.7569637883008,210.83549351944168,246.36363636363637,1553,777,especialista
dqn,pico_invertido,6,10006,187.66330209084356,1060.7,1556.0,112.0,1268,206.3690851735016,98.9969387755102,401.15970515970514,1387,777,especialista
dqn,pico_invertido,7,10007,176.39628040057224,1320.1499999999999,2173.0,117.0,1309,201.16119174942705,82.23020833333334,382.78767123287673,1398,777,especialista
dqn,pico_invertido,8,10008,160.39367429340513,754.5,1743.0,122.0,1369,240.67202337472608,95.32052578361981,289.8853118712274,1486,777,especialista
dqn,pico_invertido,9,10009,244.10055350553506,3297.0,3446.0,90.0,998,80.70541082164328,30.569543147208122,2368.626262626263,1084,777,especialista
dqn,pico_invertido,10,10010,211.2429296591733,1441.1,1792.0,122.0,1251,202.98241406874502,114.43695014662757,489.4241573033708,1379,777,especialista
dqn,pico_invertido,11,10011,155.60355434039644,599.0,1407.0,141.0,1311,228.2181540808543,81.1163708086785,323.8218262806236,1463,777,especialista
dqn,pico_invertido,12,10012,244.80834914611006,3410.0499999999997,3543.0,83.0,973,56.5344295991778,8.859198355601233,3079.1111111111113,1054,777,especialista
dqn,pico_invertido,13,10013,271.21093000958774,2765.0,3251.0,105.0,949,134.08535300316123,66.74835886214441,1719.8837209302326,1043,777,especialista
dqn,pico_invertido,14,10014,171.2809688581315,712.1999999999998,1219.0,136.0,1355,239.2081180811808,98.42507645259938,325.3146551724138,1445,777,especialista
dqn,pico_invertido,15,10015,166.32604501607716,638.0,1089.0,133.0,1412,259.36260623229464,120.24975417895772,253.42565055762083,1555,777,especialista
dqn,pico_invertido,16,10016,202.76388888888889,535.45,1232.0,187.0,1372,308.8957725947522,154.7252427184466,305.4190871369295,1512,777,especialista
dqn,pico_invertido,17,10017,206.03611349957006,2739.8999999999987,3087.0,86.0,1067,87.81349578256794,14.5995995995996,1372.1646341463415,1163,777,especialista
dqn,pico_invertido,18,10018,163.67667292057536,653.099999999999,1482.0,134.0,1471,259.47110808973486,124.32372718539865,237.09318996415772,1599,777,especialista
dqn,pico_invertido,19,10019,206.02646351242984,2190.0,2466.0,129.0,1160,152.62241379310345,51.29547738693467,816.968253968254,1247,777,especialista
dqn,pico_invertido,0,10000,168.4154244977317,446.6999999999996,695.0,196.0,1352,275.5406804733728,148.2819429778247,200.40604026845637,1543,2024,especialista
dqn,pico_invertido,1,10001,258.8020765736535,531.0,639.0,195.0,1358,390.42930780559647,261.9311377245509,252.98515769944342,1541,2024,especialista
dqn,pico_invertido,2,10002,246.01921844971173,498.0,693.0,197.0,1379,378.29151559100796,238.97674418604652,259.75803402646505,1561,2024,especialista
dqn,pico_invertido,3,10003,237.60886075949367,483.04999999999995,651.0,182.0,1394,362.4081779053085,247.4780876494024,220.40625,1580,2024,especialista
dqn,pico_invertido,4,10004,243.57161543492478,535.5999999999999,723.0,203.0,1371,378.89569657184535,249.75594622543952,232.9306049822064,1529,2024,especialista
dqn,pico_invertido,5,10005,255.78331177231564,553.0,719.0,195.0,1354,385.6794682422452,270.1092012133468,230.34649910233392,1546,2024,especialista
dqn,pico_invertido,6,10006,243.65629139072848,515.55,674.0,187.0,1314,368.8181126331811,240.7453798767967,248.94589552238807,1510,2024,especialista
dqn,pico_invertido,7,10007,223.306640625,448.0,577.0,196.0,1354,349.02141802067945,222.59270833333332,224.49652777777777,1536,2024,especialista
dqn,pico_invertido,8,10008,277.77511643379904,544.0,704.0,192.0,1323,412.07105064247924,277.6978636826043,277.92115384615386,1503,2024,especialista
dqn,pico_invertido,9,10009,286.5819285232636,667.0,815.0,192.0,1285,424.8544747081712,295.0775594622544,270.6608527131783,1483,2024,especialista
dqn,pico_invertido,10,10010,236.88659147869674,459.0,581.0,196.0,1400,371.33214285714286,249.35172413793103,215.11015490533563,1596,2024,especialista
dqn,pico_invertido,11,10011,225.58429858429858,460.3499999999999,557.0,195.0,1411,355.8192771084337,220.5276134122288,235.07962962962964,1554,2024,especialista
dqn,pico_invertido,12,10012,290.4075829383886,645.4000000000001,887.0,197.0,1300,424.80384615384617,303.55685441020194,267.32276119402985,1477,2024,especialista
dqn,pico_invertido,13,10013,273.5031228313671,570.0,809.0,196.0,1271,417.28166797797013,279.0153172866521,263.94307400379506,1441,2024,especialista
dqn,pico_invertido,14,10014,290.96915695681975,584.0999999999999,773.0,195.0,1292,427.68034055727554,283.73904179408765,305.8075313807531,1459,2024,especialista
dqn,pico_invertido,15,10015,285.8255261371351,574.3999999999999,711.0,204.0,1275,417.82039215686274,263.6814159292035,335.2127192982456,1473,2024,especialista
dqn,pico_invertido,16,10016,253.4680306905371,572.0,816.0,190.0,1391,376.7785765636233,262.91932270916334,236.5232142857143,1564,2024,especialista
dqn,pico_invertido,17,10017,269.42590206185565,514.4499999999998,609.0,198.0,1374,412.3362445414847,278.8738738738739,252.35804701627487,1552,2024,especialista
dqn,pico_invertido,18,10018,259.54322580645163,475.0,560.0,197.0,1364,392.6884164222874,255.92926356589146,266.7432432432432,1550,2024,especialista
dqn,pico_invertido,19,10019,253.86760752688173,539.6499999999999,715.0,189.0,1305,382.64904214559385,250.42976066597294,260.13662239089183,1488,2024,especialista
dqn,pico_assimetrico,0,10000,158.34817813765181,592.1999999999998,936.0,213.0,2522,263.84377478191914,114.50895140664962,435.5633423180593,2717,7,generalista
dqn,pico_assimetrico,1,10001,172.00972689861578,729.4000000000005,1304.0,214.0,2489,266.8967456809964,121.11769651113913,583.8197278911565,2673,7,generalista
dqn,pico_assimetrico,2,10002,170.19128787878788,690.4999999999973,2238.0,217.0,2427,230.9612690564483,126.07692307692308,469.62241887905606,2640,7,generalista
dqn,pico_assimetrico,3,10003,166.9797197640118,834.8999999999996,1038.0,198.0,2496,252.11177884615384,123.72603323391564,445.1068493150685,2712,7,generalista
dqn,pico_assimetrico,4,10004,163.40613313388184,723.0,1202.0,197.0,2450,246.79877551020408,123.27433247200689,428.13920454545456,2674,7,generalista
dqn,pico_assimetrico,5,10005,165.07090374724467,619.0,1062.0,218.0,2504,275.2144568690096,116.91405924071756,520.2461538461539,2722,7,generalista
dqn,pico_assimetrico,6,10006,185.43809148264984,810.25,1553.0,215.0,2340,281.0482905982906,136.13783783783785,531.7879746835443,2536,7,generalista
dqn,pico_assimetrico,7,10007,166.992230854606,743.9000000000001,1541.0,212.0,2495,265.13787575150303,124.26333615580018,462.96187683284455,2703,7,generalista
dqn,pico_assimetrico,8,10008,167.9890689785149,603.2000000000007,1074.0,221.0,2463,275.5127892813642,122.57482698961938,475.90029325513194,2653,7,generalista
dqn,pico_assimetrico,9,10009,153.96367041198502,606.6499999999992,1006.0,202.0,2419,262.46754857379085,106.30421686746988,474.08092485549133,2670,7,generalista
dqn,pico_assimetrico,10,10010,178.23441108545035,902.0,1461.0,194.0,2354,276.79991503823277,133.86704946996466,478.9760479041916,2598,7,generalista
dqn,pico_assimetrico,11,10011,165.74402092675635,688.75,1124.0,223.0,2417,281.6868018204386,115.08263069139966,561.0361842105264,2676,7,generalista
dqn,pico_assimetrico,12,10012,162.0803406145872,681.0,1262.0,206.0,2499,253.26490596238494,119.2063765618268,423.95,2701,7,generalista
dqn,pico_assimetrico,13,10013,173.22758620689655,726.0,1326.0,193.0,2412,266.0791873963516,120.69180470793374,554.6107594936709,2610,7,generalista
dqn,pico_assimetrico,14,10014,163.07646400596792,586.0,1351.0,206.0,2473,271.0173877881116,114.18728813559322,522.5109034267913,2681,7,generalista
dqn,pico_assimetrico,15,10015,164.25839416058395,676.0499999999997,952.0,223.0,2535,268.4915187376726,115.67903293038766,506.02346041055716,2740,7,generalista
dqn,pico_assimetrico,16,10016,175.3811919504644,801.9499999999994,1400.0,216.0,2359,268.06612971598133,128.60414827890557,508.70440251572325,2584,7,generalista
dqn,pico_assimetrico,17,10017,163.34516249533058,744.3999999999996,1788.0,213.0,2503,234.15181781861767,122.59553023663453,398.7645569620253,2677,7,generalista
dqn,pico_assimetrico,18,10018,179.4184762605815,720.3999999999996,1109.0,218.0,2469,287.7031186715269,131.9373183893732,550.788961038961,2717,7,generalista
dqn,pico_assimetrico,19,10019,174.13307839388145,731.2999999999997,1103.0,202.0,2407,269.51516410469463,130.38940397350993,457.21714285714285,2615,7,generalista
dqn,pico_assimetrico,0,10000,199.77095937770096,401.0,690.0,219.0,2047,339.3580850024426,171.0016051364366,320.60224719101126,2314,42,generalista
dqn,pico_assimetrico,1,10001,196.90202702702703,625.0,1361.0,237.0,2394,312.4043441938179,166.86341463414635,362.51833740831296,2664,42,generalista
dqn,pico_assimetrico,2,10002,213.84978372001572,681.0000000000009,1446.0,233.0,2298,339.4899912967798,183.3375232774674,379.7746835443038,2543,42,generalista
dqn,pico_assimetrico,3,10003,200.14374034003092,663.0,1502.0,227.0,2313,312.6108949416342,176.46168224299066,313.26785714285717,2588,42,generalista
dqn,pico_assimetrico,4,10004,167.71213788045472,492.6999999999998,1086.0,223.0,2456,284.378664495114,139.65295404814003,312.7692307692308,2727,42,generalista
dqn,pico_assimetrico,5,10005,186.3483556638246,495.8000000000002,902.0,227.0,2187,311.82853223593963,154.66928746928747,336.97196261682245,2463,42,generalista
dqn,pico_assimetrico,6,10006,198.7893123083662,449.0,602.0,232.0,2088,340.4391762452107,162.5862984599044,369.215,2283,42,generalista
dqn,pico_assimetrico,7,10007,204.94486531986533,546.25,957.0,227.0,2123,329.1097503532737,177.42059426229508,331.66037735849056,2376,42,generalista
dqn,pico_assimetrico,8,10008,202.39093881363848,426.0,585.0,207.0,1917,347.43870631194574,169.5639534883721,336.5059382422803,2141,42,generalista
dqn,pico_assimetrico,9,10009,181.3645990922844,508.8499999999999,2012.0,207.0,2412,272.490464344942,154.97720018239855,309.6740576496674,2644,42,generalista
dqn,pico_assimetrico,10,10010,201.9559748427673,457.75,618.0,219.0,1996,346.1377755511022,170.09599561162918,346.0769230769231,2226,42,generalista
dqn,pico_assimetrico,11,10011,189.32909379968203,560.5,1396.0,227.0,2247,319.81708945260345,160.09923664122138,335.2,2516,42,generalista
dqn,pico_assimetrico,12,10012,179.79299014238774,588.0,1590.0,223.0,2472,275.84789644012943,163.22033139274518,252.92885375494072,2739,42,generalista
dqn,pico_assimetrico,13,10013,212.47744945567652,676.2499999999991,1520.0,233.0,2286,334.2957130358705,185.76119402985074,346.30841121495325,2572,42,generalista
dqn,pico_assimetrico,14,10014,181.84237349836184,602.0999999999995,1757.0,205.0,2513,275.71269399124554,157.4251968503937,302.9219088937093,2747,42,generalista
dqn,pico_assimetrico,15,10015,178.8944006012777,501.0,1419.0,239.0,2394,293.01336675020883,152.70553539019963,305.19693654266956,2661,42,generalista
dqn,pico_assimetrico,16,10016,197.1127946127946,495.0,964.0,233.0,2101,334.1304140885293,168.00255493101687,333.0763723150358,2376,42,generalista
dqn,pico_assimetrico,17,10017,177.16672668347138,531.3999999999996,1503.0,231.0,2527,289.13494261970715,154.3360941586748,285.60041407867493,2777,42,generalista
dqn,pico_assimetrico,18,10018,192.08038461538462,476.09999999999945,1258.0,232.0,2320,310.14310344827584,163.90366972477065,338.3309523809524,2600,42,generalista
dqn,pico_assimetrico,19,10019,195.24269480519482,476.0,842.0,228.0,2203,327.562414888788,166.04424778761063,333.3581395348837,2464,42,generalista
dqn,pico_assimetrico,0,10000,226.13330148112757,420.0,545.0,225.0,1853,371.08796546141394,209.86761963952765,280.20661157024796,2093,123,generalista
dqn,pico_assimetrico,1,10001,254.63627152988855,530.0,673.0,226.0,1746,393.76460481099656,231.22093023255815,339.7230046948357,1974,123,generalista
dqn,pico_assimetrico,2,10002,247.20810942843184,492.39999999999964,1834.0,230.0,1818,328.46204620462044,183.05011261261262,667.6678966789668,2047,123,generalista
dqn,pico_assimetrico,3,10003,217.06131386861313,537.3,1184.0,221.0,1845,335.7761517615176,172.8544798556825,404.6020408163265,2055,123,generalista
dqn,pico_assimetrico,4,10004,257.7343503419253,596.0,752.0,227.0,1681,397.5728732897085,241.17477724468813,312.39592760180994,1901,123,generalista
dqn,pico_assimetrico,5,10005,237.30070993914808,562.3499999999995,1790.0,235.0,1755,339.2524216524217,171.86953919808496,600.5415282392026,1972,123,generalista
dqn,pico_assimetrico,6,10006,194.06075607560757,396.7999999999993,2262.0,229.0,2006,274.1949152542373,117.7019133937563,836.6398305084746,2222,123,generalista
dqn,pico_assimetrico,7,10007,259.77630934899656,529.8999999999999,764.0,235.0,1803,405.8785357737105,245.66457680250784,310.01785714285717,2043,123,generalista
dqn,pico_assimetrico,8,10008,276.47124511446117,332.5,3263.0,205.0,1578,287.9721166032953,165.98991097922848,2032.7075471698113,1791,123,generalista
dqn,pico_assimetrico,9,10009,236.18029650884745,503.5,760.0,237.0,1871,372.49331908070553,207.7739602169982,345.26851851851853,2091,123,generalista
dqn,pico_assimetrico,10,10010,226.98182624113474,508.0,780.0,232.0,1986,369.60473313192347,214.9472798653954,272.34672304439744,2256,123,generalista
dqn,pico_assimetrico,11,10011,236.3336457357076,407.0,523.0,227.0,1902,378.9058885383807,220.66726618705036,292.4098712446352,2134,123,generalista
dqn,pico_assimetrico,12,10012,223.2504816955684,495.0,642.0,222.0,1858,352.0360602798708,212.8311111111111,256.0059880239521,2076,123,generalista
dqn,pico_assimetrico,13,10013,213.98381128584643,471.9499999999998,1530.0,221.0,1953,321.741935483871,154.6748366013072,548.0061349693251,2162,123,generalista
dqn,pico_assimetrico,14,10014,207.12709181365898,491.0,1166.0,229.0,1999,319.8779389694847,158.40975609756097,452.7103825136612,2211,123,generalista
dqn,pico_assimetrico,15,10015,195.6675925925926,395.0499999999997,2783.0,227.0,1942,307.8444902162719,109.09888438133875,1103.718085106383,2160,123,generalista
dqn,pico_assimetrico,16,10016,207.05422993492408,378.7999999999997,514.0,225.0,2054,344.58812074001946,191.99286889742183,264.0186721991701,2305,123,generalista
dqn,pico_assimetrico,17,10017,228.20754716981133,527.05,731.0,230.0,1873,366.94447410571274,214.60397268777157,271.2632612966601,2120,123,generalista
dqn,pico_assimetrico,18,10018,212.4331065759637,397.7999999999997,609.0,217.0,1953,343.3558627752176,189.00850822461712,305.8665158371041,2205,123,generalista
dqn,pico_assimetrico,19,10019,244.58883768561188,419.0,2228.0,224.0,1727,311.9727851766068,175.23281990521326,686.3735849056603,1953,123,generalista
dqn,pico_assimetrico,0,10000,136.96143667296786,685.0,963.0,151.0,2472,198.46723300970874,82.61917098445596,519.5045592705167,2645,777,generalista
dqn,pico_assimetrico,1,10001,138.87120622568094,564.5499999999997,2987.0,139.0,2428,141.21046128500825,66.84691766652875,1276.6666666666667,2570,777,generalista
dqn,pico_assimetrico,2,10002,153.57499026100507,535.0,3245.0,146.0,2413,134.44343141317862,68.98040016333198,1909.2711864406779,2567,777,generalista
dqn,pico_assimetrico,3,10003,150.65060240963857,658.6000000000013,2786.0,158.0,2415,201.84803312629398,69.74948154292825,1354.679012345679,2573,777,generalista
dqn,pico_assimetrico,4,10004,134.45488721804512,721.0499999999997,1029.0,154.0,2494,199.0160384923817,83.19367250961949,507.97507788161994,2660,777,generalista
dqn,pico_assimetrico,5,10005,146.79864508844562,801.9999999999991,1258.0,216.0,2471,211.47025495750708,95.91673819742489,509.35168195718654,2657,777,generalista
dqn,pico_assimetrico,6,10006,143.20970873786408,755.0,997.0,154.0,2419,210.77635386523357,89.32446808510639,524.2915360501568,2575,777,generalista
dqn,pico_assimetrico,7,10007,129.85915492957747,801.1500000000001,1302.0,151.0,2523,197.12722948870393,79.28927364864865,492.73636363636365,2698,777,generalista
dqn,pico_assimetrico,8,10008,139.41647597254004,741.9499999999998,1026.0,153.0,2444,205.34165302782324,86.09347826086956,520.2950310559006,2622,777,generalista
dqn,pico_assimetrico,9,10009,135.40174176448315,720.0,975.0,166.0,2473,198.68580671249495,84.90309908336971,465.95142857142855,2641,777,generalista
dqn,pico_assimetrico,10,10010,149.84351145038167,933.0999999999995,1678.0,195.0,2466,197.89740470397405,84.11074104912574,874.1100917431193,2620,777,generalista
dqn,pico_assimetrico,11,10011,140.5124716553288,745.5,1106.0,186.0,2467,208.8447507093636,86.84800343495063,534.7854889589905,2646,777,generalista
dqn,pico_assimetrico,12,10012,127.74834694671334,399.0,2916.0,145.0,2412,153.44900497512438,42.17208333333333,1328.8187134502923,2571,777,generalista
dqn,pico_assimetrico,13,10013,146.88979433449748,730.1999999999998,879.0,165.0,2404,217.59941763727122,90.93513993780542,533.2515337423313,2577,777,generalista
dqn,pico_assimetrico,14,10014,175.45519864750634,1991.75,2786.0,156.0,2197,100.75056895766954,97.19398907103825,1186.4058823529413,2366,777,generalista
dqn,pico_assimetrico,15,10015,139.66788990825688,697.5999999999995,910.0,164.0,2538,208.43183609141056,88.27337826453244,487.2763532763533,2725,777,generalista
dqn,pico_assimetrico,16,10016,143.34939759036143,832.2000000000003,1123.0,153.0,2399,204.94039182992913,87.3578062804069,549.1089743589744,2573,777,generalista
dqn,pico_assimetrico,17,10017,141.0734908136483,748.6999999999998,1186.0,166.0,2469,209.820170109356,85.43326226012793,546.27950310559,2667,777,generalista
dqn,pico_assimetrico,18,10018,142.0519095291064,767.1999999999998,1036.0,173.0,2540,206.4787401574803,86.66985446985447,598.195205479452,2697,777,generalista
dqn,pico_assimetrico,19,10019,151.25807738332668,569.0999999999995,3101.0,147.0,2331,134.07250107250107,65.72070558588828,1767.642857142857,2507,777,generalista
dqn,pico_assimetrico,0,10000,212.58242796410013,638.3999999999978,1252.0,218.0,1915,337.3718015665796,148.20680197476688,611.7551020408164,2117,2024,generalista
dqn,pico_assimetrico,1,10001,216.07957681692733,740.0499999999997,1350.0,229.0,1957,325.5380684721512,149.65777080062793,698.7110266159696,2174,2024,generalista
dqn,pico_assimetrico,2,10002,228.11432706222865,810.7999999999997,2339.0,223.0,1854,324.2443365695793,148.18790149892934,956.4195121951219,2073,2024,generalista
dqn,pico_assimetrico,3,10003,243.76,804.55,2270.0,225.0,1753,343.1043924700513,151.38186968838528,1125.0972972972972,1950,2024,generalista
dqn,pico_assimetrico,4,10004,217.39679456046625,896.7999999999975,2143.0,222.0,1845,348.5962059620596,146.57426836002207,734.5725806451613,2059,2024,generalista
dqn,pico_assimetrico,5,10005,213.72031909901455,731.0,1825.0,232.0,1907,340.10802307288935,147.0969827586207,663.3672727272727,2131,2024,generalista
dqn,pico_assimetrico,6,10006,253.1201044386423,781.899999999998,2517.0,228.0,1705,363.67976539589444,166.44057971014493,1040.078947368421,1915,2024,generalista
dqn,pico_assimetrico,7,10007,236.79555779909137,593.0,2600.0,227.0,1773,326.28087986463623,156.5510783200908,882.4155251141552,1981,2024,generalista
dqn,pico_assimetrico,8,10008,208.74352828379673,833.5,1586.0,219.0,1868,324.9662740899358,137.65267175572518,726.1269841269841,2086,2024,generalista
dqn,pico_assimetrico,9,10009,189.53945608559965,678.0,1034.0,226.0,2027,322.9921065614208,134.03043022035678,503.486646884273,2243,2024,generalista
dqn,pico_assimetrico,10,10010,239.28010075566752,736.9999999999998,2232.0,227.0,1779,347.7661607644744,157.20124364047484,911.4907407407408,1985,2024,generalista
dqn,pico_assimetrico,11,10011,197.46394120349103,750.1999999999998,1740.0,223.0,1974,317.92147922998987,130.8372579801151,676.124060150376,2177,2024,generalista
dqn,pico_assimetrico,12,10012,196.96158882584024,521.5,1481.0,219.0,2071,325.1366489618542,141.01984732824428,534.1564417177914,2291,2024,generalista
dqn,pico_assimetrico,13,10013,197.68594667871668,631.8000000000002,1180.0,223.0,2001,339.2838580709645,140.12221041445272,524.9818731117825,2213,2024,generalista
dqn,pico_assimetrico,14,10014,199.56851851851852,668.0,1512.0,219.0,1939,319.1913357400722,136.82194728348574,587.0963455149501,2160,2024,generalista
dqn,pico_assimetrico,15,10015,205.29061784897024,670.3999999999965,1018.0,225.0,1967,329.83426537874936,146.63234501347708,535.0212121212121,2185,2024,generalista
dqn,pico_assimetrico,16,10016,189.78493687418373,680.1999999999998,1204.0,229.0,2063,313.7954435288415,129.64167916041978,596.3614864864865,2297,2024,generalista
dqn,pico_assimetrico,17,10017,259.7529963522668,521.0999999999999,2562.0,227.0,1694,399.93388429752065,170.55909617612977,1057.4145077720207,1919,2024,generalista
dqn,pico_assimetrico,18,10018,238.47161354581672,630.4999999999986,2152.0,228.0,1790,382.7525139664804,159.0571748878924,870.9508928571429,2008,2024,generalista
dqn,pico_assimetrico,19,10019,220.04317958783122,766.4999999999986,1493.0,221.0,1826,322.6681270536692,149.90033783783784,695.5152671755725,2038,2024,generalista
dqn,fora_pico,0,10000,45.457564575645755,175.0,401.0,40.0,1041,98.85302593659942,29.899497487437184,88.45833333333333,1084,7,generalista
dqn,fora_pico,1,10001,36.68018867924528,142.0,266.0,39.0,1007,88.17974180734856,23.56258064516129,72.35087719298245,1060,7,generalista
dqn,fora_pico,2,10002,41.61762114537445,159.29999999999995,326.0,34.0,1108,96.21209386281589,26.483476132190944,80.5,1135,7,generalista
dqn,fora_pico,3,10003,39.20666666666666,158.54999999999995,312.0,38.0,1021,92.94319294809011,24.05759162303665,79.67482517482517,1050,7,generalista
dqn,fora_pico,4,10004,40.20433145009416,153.0,438.0,34.0,1037,93.22854387656702,27.671373555840823,74.70318021201413,1062,7,generalista
dqn,fora_pico,5,10005,89.57643884892086,528.7000000000003,950.0,99.0,1078,152.7226345083488,32.43253012048193,257.7659574468085,1112,7,generalista
dqn,fora_pico,6,10006,42.48786828422877,191.0,353.0,37.0,1115,96.42869955156951,29.298731257208765,82.33101045296168,1154,7,generalista
dqn,fora_pico,7,10007,50.1376404494382,195.29999999999995,491.0,53.0,1006,98.55666003976143,35.312664907651715,86.38709677419355,1068,7,generalista
dqn,fora_pico,8,10008,39.715341959334566,167.80000000000018,315.0,41.0,1053,92.61158594491928,24.60200250312891,82.3851590106007,1082,7,generalista
dqn,fora_pico,9,10009,36.656028368794324,138.64999999999986,350.0,30.0,1106,88.50723327305606,24.143027413587603,72.98269896193771,1128,7,generalista
dqn,fora_pico,10,10010,34.28068592057762,141.0,362.0,32.0,1066,87.20356472795497,22.858926342072408,64.0814332247557,1108,7,generalista
dqn,fora_pico,11,10011,46.75405405405405,174.0,358.0,42.0,1081,101.29509713228492,32.82581453634085,82.37820512820512,1110,7,generalista
dqn,fora_pico,12,10012,49.695211786372006,194.5,468.0,57.0,1065,105.95962441314553,25.701030927835053,109.75806451612904,1086,7,generalista
dqn,fora_pico,13,10013,35.06116774791474,141.0,274.0,30.0,1054,88.65654648956357,21.926509186351705,66.63406940063092,1079,7,generalista
dqn,fora_pico,14,10014,43.46520146520147,166.0,380.0,41.0,1050,96.67619047619047,29.296620775969963,82.10238907849829,1092,7,generalista
dqn,fora_pico,15,10015,41.04588910133843,170.0,308.0,37.0,1016,95.03051181102362,25.054089709762533,83.13541666666667,1046,7,generalista
dqn,fora_pico,16,10016,40.74264705882353,153.0,300.0,35.0,1046,95.39388145315488,26.808785529715763,75.08917197452229,1088,7,generalista
dqn,fora_pico,17,10017,110.02760463045414,494.59999999999945,927.0,87.0,1060,174.4377358490566,35.2396486825596,292.8680981595092,1123,7,generalista
dqn,fora_pico,18,10018,37.24294813466788,150.0999999999999,336.0,36.0,1062,86.78248587570621,22.881481481481483,77.49480968858131,1099,7,generalista
dqn,fora_pico,19,10019,79.56951102588687,397.69999999999993,694.0,79.0,1017,140.4542772861357,34.50524934383202,201.77224199288256,1043,7,generalista
dqn,fora_pico,0,10000,32.87361623616236,101.69999999999982,183.0,33.0,1060,86.01509433962264,26.400753768844222,50.763888888888886,1084,42,generalista
dqn,fora_pico,1,10001,29.66509433962264,96.04999999999995,195.0,32.0,1041,82.31604226705092,22.370322580645162,49.501754385964915,1060,42,generalista
dqn,fora_pico,2,10002,36.7568281938326,102.0,179.0,33.0,1116,90.31272401433692,30.621787025703796,52.5188679245283,1135,42,generalista
dqn,fora_pico,3,10003,30.95047619047619,99.54999999999995,213.0,33.0,1002,83.27744510978044,23.595549738219894,50.5979020979021,1050,42,generalista
dqn,fora_pico,4,10004,28.576271186440678,86.94999999999993,278.0,28.0,1031,80.77982541222114,21.34403080872914,48.48409893992933,1062,42,generalista
dqn,fora_pico,5,10005,29.551258992805757,92.0,219.0,30.0,1093,81.86367795059469,23.256626506024098,48.07801418439716,1112,42,generalista
dqn,fora_pico,6,10006,28.765164644714037,84.0,235.0,27.0,1126,81.05239786856127,23.001153402537486,46.177700348432055,1154,42,generalista
dqn,fora_pico,7,10007,36.949438202247194,103.0,180.0,29.0,1045,91.4755980861244,29.69920844327177,54.67741935483871,1068,42,generalista
dqn,fora_pico,8,10008,32.7097966728281,102.0,249.0,34.0,1063,85.3772342427093,25.979974968710888,51.71024734982332,1082,42,generalista
dqn,fora_pico,9,10009,27.427304964539008,81.64999999999986,217.0,28.0,1105,79.21266968325791,21.879618593563766,43.53287197231834,1128,42,generalista
dqn,fora_pico,10,10010,27.15884476534296,83.64999999999986,203.0,26.0,1072,79.44496268656717,21.95505617977528,40.73615635179153,1108,42,generalista
dqn,fora_pico,11,10011,28.67027027027027,85.09999999999991,229.0,26.0,1070,80.74299065420561,22.18671679197995,45.25320512820513,1110,42,generalista
dqn,fora_pico,12,10012,32.66206261510129,101.75,240.0,33.0,1061,85.42789820923657,27.563144329896907,45.42580645161291,1086,42,generalista
dqn,fora_pico,13,10013,30.92029657089898,91.0,197.0,29.0,1055,84.13649289099526,23.938320209973753,47.70347003154574,1079,42,generalista
dqn,fora_pico,14,10014,30.62087912087912,86.0,310.0,31.0,1053,82.71035137701804,24.869837296620776,46.303754266211605,1092,42,generalista
dqn,fora_pico,15,10015,37.69980879541109,106.75,209.0,34.0,1019,91.16683022571148,32.78100263852243,50.645833333333336,1046,42,generalista
dqn,fora_pico,16,10016,31.964154411764707,97.0,203.0,33.0,1060,85.05660377358491,25.218346253229974,48.59235668789809,1088,42,generalista
dqn,fora_pico,17,10017,35.183437221727516,99.79999999999973,199.0,31.0,1101,88.78655767484105,30.854454203262232,45.76687116564417,1123,42,generalista
dqn,fora_pico,18,10018,27.738853503184714,89.09999999999991,202.0,31.0,1083,79.60664819944598,21.424691358024692,45.43598615916955,1099,42,generalista
dqn,fora_pico,19,10019,31.44582933844679,95.0,187.0,28.0,1014,83.3974358974359,24.716535433070867,49.693950177935946,1043,42,generalista
dqn,fora_pico,0,10000,47.75738007380074,134.0,284.0,45.0,1049,102.33269780743565,43.54899497487437,59.388888888888886,1084,123,generalista
dqn,fora_pico,1,10001,54.08679245283019,149.0,228.0,41.0,1020,109.44705882352942,49.096774193548384,67.6561403508772,1060,123,generalista
dqn,fora_pico,2,10002,52.76740088105727,139.0,267.0,40.0,1111,108.96579657965796,46.77845777233782,68.15408805031447,1135,123,generalista
dqn,fora_pico,3,10003,47.5152380952381,137.54999999999995,256.0,36.0,1012,102.58201581027669,42.61649214659686,60.6013986013986,1050,123,generalista
dqn,fora_pico,4,10004,48.05367231638418,135.0,390.0,37.0,1026,102.59746588693957,43.30551989730424,61.12367491166078,1062,123,generalista
dqn,fora_pico,5,10005,47.419064748201436,123.0,256.0,41.0,1086,102.61141804788214,40.63493975903614,67.38652482269504,1112,123,generalista
dqn,fora_pico,6,10006,43.7894280762565,129.0,289.0,38.0,1115,97.83766816143498,38.93425605536332,58.45644599303136,1154,123,generalista
dqn,fora_pico,7,10007,50.691947565543074,134.29999999999995,227.0,38.0,1046,107.00669216061185,43.775725593667545,67.60322580645162,1068,123,generalista
dqn,fora_pico,8,10008,44.386321626617374,121.0,250.0,37.0,1053,98.25071225071225,38.276595744680854,61.63604240282685,1082,123,generalista
dqn,fora_pico,9,10009,44.087765957446805,126.64999999999986,298.0,36.0,1099,97.78616924476798,39.283671036948746,58.034602076124564,1128,123,generalista
dqn,fora_pico,10,10010,50.41064981949459,126.64999999999986,293.0,42.0,1066,106.00093808630395,45.75780274656679,62.55048859934853,1108,123,generalista
dqn,fora_pico,11,10011,49.77207207207207,127.54999999999995,299.0,37.0,1073,105.13513513513513,45.43984962406015,60.8525641025641,1110,123,generalista
dqn,fora_pico,12,10012,52.65561694290976,132.75,273.0,43.0,1072,108.80690298507463,47.74484536082474,64.9483870967742,1086,123,generalista
dqn,fora_pico,13,10013,43.39110287303058,123.0,225.0,35.0,1059,98.67233238904628,40.98031496062992,49.186119873817034,1079,123,generalista
dqn,fora_pico,14,10014,49.50366300366301,134.9000000000001,313.0,37.0,1055,104.47867298578198,44.48060075093867,63.20136518771331,1092,123,generalista
dqn,fora_pico,15,10015,49.993307839388144,129.0,236.0,40.0,995,103.29949748743718,44.47625329815303,64.51388888888889,1046,123,generalista
dqn,fora_pico,16,10016,88.08639705882354,394.79999999999836,888.0,71.0,1050,150.72285714285715,46.16795865633075,191.4140127388535,1088,123,generalista
dqn,fora_pico,17,10017,56.99020480854853,136.89999999999986,275.0,43.0,1082,112.547134935305,50.73902132998745,72.27300613496932,1123,123,generalista
dqn,fora_pico,18,10018,48.29572338489536,136.0,240.0,39.0,1079,103.00278035217794,43.023456790123454,63.07266435986159,1099,123,generalista
dqn,fora_pico,19,10019,49.04026845637584,135.89999999999998,249.0,38.0,1017,103.49950835791543,44.503937007874015,61.34163701067616,1043,123,generalista
dqn,fora_pico,0,10000,33.28228782287823,136.8499999999999,300.0,28.0,1052,85.88783269961978,19.594221105527637,71.11458333333333,1084,777,generalista
dqn,fora_pico,1,10001,32.35849056603774,132.0,254.0,28.0,1035,85.08212560386474,18.12516129032258,71.06315789473685,1060,777,generalista
dqn,fora_pico,2,10002,71.39647577092511,336.89999999999986,551.0,63.0,1077,127.55617455896008,35.45899632802938,163.72641509433961,1135,777,generalista
dqn,fora_pico,3,10003,122.56666666666666,565.3999999999996,825.0,68.0,972,182.1409465020576,45.410994764397905,328.6748251748252,1050,777,generalista
dqn,fora_pico,4,10004,30.98210922787194,135.94999999999993,403.0,23.0,1040,83.62211538461538,18.050064184852374,66.57950530035336,1062,777,generalista
dqn,fora_pico,5,10005,32.423561151079134,130.45000000000005,306.0,36.0,1085,84.85161290322581,19.14698795180723,71.5,1112,777,generalista
dqn,fora_pico,6,10006,72.04332755632582,370.6999999999998,782.0,64.0,1127,132.075421472937,33.3598615916955,188.90243902439025,1154,777,generalista
dqn,fora_pico,7,10007,39.28651685393258,141.0,409.0,33.0,1046,94.04206500956023,26.154353562005277,71.39677419354838,1068,777,generalista
dqn,fora_pico,8,10008,32.99815157116451,135.85000000000014,474.0,29.0,1056,84.87310606060606,20.478097622027533,68.34628975265018,1082,777,generalista
dqn,fora_pico,9,10009,34.3040780141844,143.64999999999986,469.0,37.0,1107,86.79042457091238,19.785458879618595,76.45328719723183,1128,777,generalista
dqn,fora_pico,10,10010,30.028880866425993,119.29999999999973,307.0,27.0,1071,82.39122315592904,17.169787765293382,63.579804560260584,1108,777,generalista
dqn,fora_pico,11,10011,53.123423423423425,191.84999999999968,714.0,73.0,1043,99.63374880153404,24.038847117794486,127.51282051282051,1110,777,generalista
dqn,fora_pico,12,10012,37.079189686924494,144.0,428.0,32.0,1066,90.8170731707317,23.05541237113402,72.18387096774194,1086,777,generalista
dqn,fora_pico,13,10013,76.85264133456904,383.7999999999993,645.0,68.0,1052,141.324144486692,34.856955380577425,177.801261829653,1079,777,generalista
dqn,fora_pico,14,10014,31.487179487179485,120.45000000000005,343.0,28.0,1061,83.88501413760603,17.20650813516896,70.43003412969283,1092,777,generalista
dqn,fora_pico,15,10015,34.06405353728489,135.0,280.0,34.0,1018,86.82121807465619,19.092348284960423,73.46875,1046,777,generalista
dqn,fora_pico,16,10016,35.768382352941174,153.0,276.0,31.0,1047,87.10792741165234,22.941860465116278,67.38535031847134,1088,777,generalista
dqn,fora_pico,17,10017,37.759572573463934,149.79999999999973,252.0,30.0,1094,91.98720292504571,24.5069008782936,70.15950920245399,1123,777,generalista
dqn,fora_pico,18,10018,31.935395814376704,138.0999999999999,267.0,27.0,1080,84.57777777777778,18.62962962962963,69.22837370242215,1099,777,generalista
dqn,fora_pico,19,10019,31.186001917545543,116.0,332.0,30.0,1022,83.68101761252446,17.412073490813647,68.5373665480427,1043,777,generalista
dqn,fora_pico,0,10000,30.964022140221402,116.69999999999982,296.0,27.0,1058,83.31001890359168,22.53643216080402,54.25694444444444,1084,2024,generalista
dqn,fora_pico,1,10001,35.80377358490566,112.04999999999995,228.0,35.0,1032,88.8187984496124,28.743225806451612,55.00350877192982,1060,2024,generalista
dqn,fora_pico,2,10002,40.14273127753304,126.0,240.0,32.0,1116,93.75358422939068,33.38066095471236,57.515723270440255,1135,2024,generalista
dqn,fora_pico,3,10003,34.184761904761906,111.64999999999986,236.0,28.0,1014,86.95364891518737,26.291884816753928,55.26923076923077,1050,2024,generalista
dqn,fora_pico,4,10004,30.948210922787194,109.0,357.0,27.0,1040,83.43076923076923,23.053915275994864,52.67844522968198,1062,2024,generalista
dqn,fora_pico,5,10005,31.281474820143885,104.0,194.0,27.0,1089,84.12304866850322,23.809638554216868,53.273049645390074,1112,2024,generalista
dqn,fora_pico,6,10006,30.259965337954938,100.34999999999991,286.0,38.0,1105,81.86696832579186,23.291810841983853,51.31010452961672,1154,2024,generalista
dqn,fora_pico,7,10007,38.49250936329588,119.0,224.0,32.0,1046,93.0564053537285,32.696569920844325,52.66451612903226,1068,2024,generalista
dqn,fora_pico,8,10008,32.93253234750462,112.95000000000005,251.0,34.0,1049,84.24880838894185,25.377972465581976,54.26148409893993,1082,2024,generalista
dqn,fora_pico,9,10009,30.63031914893617,99.64999999999986,315.0,29.0,1113,82.64779874213836,22.59594755661502,53.95501730103806,1128,2024,generalista
dqn,fora_pico,10,10010,32.2797833935018,105.29999999999973,268.0,33.0,1070,84.9607476635514,25.976279650436954,48.726384364820845,1108,2024,generalista
dqn,fora_pico,11,10011,30.746846846846847,107.0,242.0,28.0,1077,83.65738161559888,22.80075187969925,51.07051282051282,1110,2024,generalista
dqn,fora_pico,12,10012,30.120626151012893,97.0,253.0,32.0,1067,82.75257731958763,22.373711340206185,49.512903225806454,1086,2024,generalista
dqn,fora_pico,13,10013,33.82483781278962,112.09999999999991,233.0,31.0,1061,87.67012252591894,26.996062992125985,50.2397476340694,1079,2024,generalista
dqn,fora_pico,14,10014,35.68956043956044,117.0,312.0,33.0,1049,88.07721639656816,28.361702127659573,55.67235494880546,1092,2024,generalista
dqn,fora_pico,15,10015,37.492351816443595,127.25,271.0,44.0,1020,90.82941176470588,29.646437994722955,58.142361111111114,1046,2024,generalista
dqn,fora_pico,16,10016,34.752757352941174,117.0,215.0,36.0,1055,88.33838862559242,27.195090439276484,53.382165605095544,1088,2024,generalista
dqn,fora_pico,17,10017,34.300979519145145,110.0,270.0,37.0,1092,86.04212454212454,27.705144291091592,50.42638036809816,1123,2024,generalista
dqn,fora_pico,18,10018,30.26296633303003,106.09999999999991,211.0,35.0,1081,82.46716003700277,22.98641975308642,50.65743944636678,1099,2024,generalista
dqn,fora_pico,19,10019,31.479386385426654,101.89999999999998,230.0,28.0,1015,83.51724137931035,24.531496062992126,50.320284697508896,1043,2024,generalista
dqn,balanceado,0,10000,104.9089790897909,305.75,457.0,98.0,1528,202.5791884816754,36.687184661957616,211.3779527559055,1626,7,generalista
dqn,balanceado,1,10001,110.47989949748744,293.0,439.0,97.0,1494,215.0475234270415,43.68724279835391,215.19354838709677,1592,7,generalista
dqn,balanceado,2,10002,154.06153846153848,1208.1,1516.0,126.0,1333,239.74943735933982,39.72113502935421,440.4730392156863,1430,7,generalista
dqn,balanceado,3,10003,112.15530303030303,307.6999999999998,432.0,93.0,1483,217.12137559002022,42.20466058763931,227.80234505862646,1584,7,generalista
dqn,balanceado,4,10004,113.42025316455697,348.0,484.0,109.0,1490,219.42214765100672,43.0559511698881,229.27973199329983,1580,7,generalista
dqn,balanceado,5,10005,106.48423005565863,315.0,502.0,100.0,1515,206.51089108910892,42.00898203592814,211.53170731707317,1617,7,generalista
dqn,balanceado,6,10006,106.51559741024131,312.0999999999999,540.0,106.0,1611,208.62569832402235,41.367837338262476,220.76175040518638,1699,7,generalista
dqn,balanceado,7,10007,115.3116036505867,343.0,492.0,88.0,1435,220.85574912891985,41.08471074380165,242.25795053003534,1534,7,generalista
dqn,balanceado,8,10008,96.74039580908033,251.0,386.0,88.0,1623,199.46580406654343,45.62574257425742,169.6581920903955,1718,7,generalista
dqn,balanceado,9,10009,108.55123456790123,350.04999999999995,470.0,103.0,1521,206.21433267587113,36.990393852065324,237.21243523316062,1620,7,generalista
dqn,balanceado,10,10010,100.82725642558279,277.0,406.0,86.0,1569,202.86615678776292,41.545,188.91381872213967,1673,7,generalista
dqn,balanceado,11,10011,161.5589970501475,1546.25,1909.0,99.0,1265,151.4300395256917,25.611055276381908,536.2631578947369,1356,7,generalista
dqn,balanceado,12,10012,111.3121424030515,337.0,439.0,100.0,1481,214.03578663065497,40.074718526100305,228.08892617449663,1573,7,generalista
dqn,balanceado,13,10013,104.15862068965517,319.29999999999995,406.0,83.0,1500,204.374,38.9865005192108,203.46360759493672,1595,7,generalista
dqn,balanceado,14,10014,136.22702702702702,1121.05,1384.0,91.0,1382,162.44283646888567,25.86314760508309,383.27789934354485,1480,7,generalista
dqn,balanceado,15,10015,226.23042304230424,2943.5,3131.0,89.0,1023,73.46236559139786,13.65037194473964,1402.9235294117648,1111,7,generalista
dqn,balanceado,16,10016,102.99756986634264,287.0,434.0,87.0,1537,206.07677293428756,41.34933605720123,193.48275862068965,1646,7,generalista
dqn,balanceado,17,10017,110.66301035953687,303.0,460.0,101.0,1540,212.0448051948052,46.97788944723618,208.75386996904024,1641,7,generalista
dqn,balanceado,18,10018,113.98600508905852,326.89999999999964,450.0,93.0,1486,212.38088829071333,45.38391959798995,232.28596187175043,1572,7,generalista
dqn,balanceado,19,10019,107.51452020202021,323.0,400.0,100.0,1489,218.07723304231027,43.15094339622642,204.97936507936507,1584,7,generalista
dqn,balanceado,0,10000,122.44383057090239,290.5999999999999,351.0,102.0,1521,227.89940828402368,73.39757820383451,198.6269592476489,1629,42,generalista
dqn,balanceado,1,10001,228.00882552613714,609.3999999999999,746.0,182.0,1302,336.91013824884794,179.1327160493827,322.83433133732535,1473,42,generalista
dqn,balanceado,2,10002,195.83862605314323,445.0,765.0,177.0,1440,318.77222222222224,146.44324853228963,292.7332053742802,1543,42,generalista
dqn,balanceado,3,10003,153.26930564568463,448.0,614.0,156.0,1430,267.54685314685315,92.98682877406281,260.6678700361011,1541,42,generalista
dqn,balanceado,4,10004,137.94967741935483,331.54999999999995,499.0,99.0,1443,252.04227304227305,76.72227873855545,244.09876543209876,1550,42,generalista
dqn,balanceado,5,10005,125.0880149812734,309.9499999999998,543.0,108.0,1493,228.16811788345612,69.53393213572855,217.86333333333334,1602,42,generalista
dqn,balanceado,6,10006,123.22014051522248,288.0,415.0,111.0,1600,231.0525,71.5720887245841,212.49041533546327,1708,42,generalista
dqn,balanceado,7,10007,230.89392882065596,642.7999999999997,945.0,181.0,1279,355.36121970289287,173.5785123966942,350.2086021505376,1433,42,generalista
dqn,balanceado,8,10008,115.93772455089821,278.0,352.0,106.0,1576,221.92258883248732,66.39504950495049,191.7530303030303,1670,42,generalista
dqn,balanceado,9,10009,234.28571428571428,555.75,936.0,191.0,1347,359.6859688195991,190.09125840537945,329.1443298969072,1526,42,generalista
dqn,balanceado,10,10010,117.05272618334332,254.0,304.0,92.0,1553,226.62717321313588,68.425,189.73991031390133,1669,42,generalista
dqn,balanceado,11,10011,160.5920365535248,514.3500000000001,842.0,178.0,1370,251.42846715328466,95.7356783919598,280.7635009310987,1532,42,generalista
dqn,balanceado,12,10012,119.31843575418995,304.0,423.0,91.0,1504,232.45811170212767,67.41351074718526,199.3044164037855,1611,42,generalista
dqn,balanceado,13,10013,131.12252712188896,310.6999999999998,425.0,102.0,1460,244.64520547945204,78.95638629283489,214.29470198675497,1567,42,generalista
dqn,balanceado,14,10014,172.68457648546143,421.59999999999854,703.0,177.0,1424,280.2668539325843,122.37438905180841,264.75491949910554,1582,42,generalista
dqn,balanceado,15,10015,175.21052631578948,538.0,747.0,173.0,1328,289.6355421686747,124.72476089266738,260.04464285714283,1501,42,generalista
dqn,balanceado,16,10016,121.90147783251231,283.0,359.0,94.0,1519,231.21395655036207,69.52604698672114,201.3984496124031,1624,42,generalista
dqn,balanceado,17,10017,239.17678100263853,553.75,751.0,183.0,1339,360.9865571321882,203.08844221105528,308.0978886756238,1516,42,generalista
dqn,balanceado,18,10018,151.58160621761658,470.5499999999997,729.0,161.0,1435,253.70313588850175,93.33467336683417,257.1475409836066,1544,42,generalista
dqn,balanceado,19,10019,138.5295262816353,292.0,422.0,119.0,1418,243.8709449929478,78.51048218029351,236.0732538330494,1541,42,generalista
dqn,balanceado,0,10000,156.21108884435537,604.2,885.0,127.0,1379,254.65409717186367,68.69223007063572,327.6166007905138,1497,123,generalista
dqn,balanceado,1,10001,160.19148936170214,728.6000000000001,1199.0,121.0,1355,255.40442804428045,66.69650205761317,347.5670103092784,1457,123,generalista
dqn,balanceado,2,10002,203.9164835164835,813.9999999999998,1224.0,132.0,1273,270.55616653574236,79.69275929549902,574.0524781341107,1365,123,generalista
dqn,balanceado,3,10003,134.68864229765012,413.0,517.0,112.0,1435,228.05365853658537,58.58763931104357,272.50825688073394,1532,123,generalista
dqn,balanceado,4,10004,143.12929292929292,534.8,705.0,112.0,1391,231.07548526240114,58.673448626653105,308.50796812749,1485,123,generalista
dqn,balanceado,5,10005,135.30704041720992,547.3499999999999,651.0,112.0,1441,227.89590562109646,56.05189620758483,284.5808270676692,1534,123,generalista
dqn,balanceado,6,10006,141.9807811531308,450.7999999999997,727.0,112.0,1508,237.59615384615384,63.49907578558226,301.9001883239171,1613,123,generalista
dqn,balanceado,7,10007,162.81971830985916,605.05,875.0,123.0,1290,244.18062015503875,66.2840909090909,369.55973451327435,1420,123,generalista
dqn,balanceado,8,10008,180.23049894588897,819.5999999999995,1269.0,132.0,1301,254.60184473481937,69.60495049504951,450.7675544794189,1423,123,generalista
dqn,balanceado,9,10009,197.22017045454547,871.6499999999999,1110.0,124.0,1306,264.31316998468606,85.06628242074927,515.3460490463216,1408,123,generalista
dqn,balanceado,10,10010,153.99402390438246,624.5,1078.0,131.0,1395,247.79283154121865,64.898,330.07312252964425,1506,123,generalista
dqn,balanceado,11,10011,132.2811501597444,392.5999999999999,601.0,120.0,1460,237.00616438356164,59.62110552763819,259.1175438596491,1565,123,generalista
dqn,balanceado,12,10012,157.18812541694464,534.1999999999998,855.0,146.0,1410,260.69929078014184,82.33162743091096,297.2931034482759,1499,123,generalista
dqn,balanceado,13,10013,167.1908831908832,629.6999999999998,1063.0,116.0,1297,235.99537393986122,65.14953271028037,390.015873015873,1404,123,generalista
dqn,balanceado,14,10014,175.987862440998,593.8999999999999,985.0,154.0,1372,263.47376093294463,85.12512218963832,378.0586956521739,1483,123,generalista
dqn,balanceado,15,10015,198.35289691497366,753.3999999999996,1035.0,118.0,1229,290.3262815296989,85.16471838469712,472.86340206185565,1329,123,generalista
dqn,balanceado,16,10016,157.44825268817203,562.6499999999999,676.0,126.0,1383,253.71583514099783,66.35546475995915,332.6542239685658,1488,123,generalista
dqn,balanceado,17,10017,168.58701657458565,652.8999999999992,958.0,119.0,1344,254.45089285714286,67.52060301507538,390.57615894039736,1448,123,generalista
dqn,balanceado,18,10018,177.86373314407382,762.1999999999998,1086.0,122.0,1308,249.9434250764526,74.88442211055276,425.3623188405797,1409,123,generalista
dqn,balanceado,19,10019,233.4309963099631,810.3,1239.0,212.0,1261,293.218080888184,138.71907756813417,458.7556109725686,1355,123,generalista
dqn,balanceado,0,10000,130.05661619486503,438.09999999998354,838.0,91.0,1425,220.02877192982456,42.03329969727548,295.26704545454544,1519,777,generalista
dqn,balanceado,1,10001,126.82808398950131,372.0,524.0,92.0,1431,226.12718378756114,48.0298353909465,265.58152173913044,1524,777,generalista
dqn,balanceado,2,10002,132.0843853820598,578.0,699.0,110.0,1410,225.16241134751772,37.971624266144815,331.2215320910973,1505,777,generalista
dqn,balanceado,3,10003,149.97810734463278,838.0,975.0,95.0,1305,243.68582375478928,41.06484295845998,400.5547785547786,1416,777,generalista
dqn,balanceado,4,10004,149.10503903477644,970.9999999999995,1180.0,92.0,1308,237.35550458715596,39.389623601220755,402.27464788732397,1409,777,generalista
dqn,balanceado,5,10005,127.9486504279131,449.0,767.0,87.0,1408,227.71448863636363,40.39720558882235,297.63249516441005,1519,777,generalista
dqn,balanceado,6,10006,118.23355461677731,344.0,466.0,99.0,1559,218.77485567671584,46.81146025878004,252.63130434782607,1657,777,generalista
dqn,balanceado,7,10007,144.11118930330753,587.0,826.0,94.0,1321,238.15140045420137,43.79132231404959,358.48123620309053,1421,777,generalista
dqn,balanceado,8,10008,123.8368253968254,395.0,522.0,92.0,1474,223.09294436906376,48.296039603960395,258.87433628318587,1575,777,generalista
dqn,balanceado,9,10009,131.4051948051948,417.0,745.0,101.0,1440,231.9284722222222,46.765609990393855,307.97795591182364,1540,777,generalista
dqn,balanceado,10,10010,126.13174807197943,401.25,692.0,91.0,1454,223.74002751031637,45.794,270.62410071942446,1556,777,generalista
dqn,balanceado,11,10011,133.74054412740543,481.0,667.0,92.0,1399,236.86204431736954,45.640201005025126,304.951171875,1507,777,generalista
dqn,balanceado,12,10012,142.17236566643405,779.3999999999999,1028.0,100.0,1344,239.86830357142858,37.85875127942682,365.6688596491228,1433,777,generalista
dqn,balanceado,13,10013,157.13556851311952,1036.3500000000001,1452.0,96.0,1267,250.94159431728494,38.8546209761163,435.63080684596576,1372,777,generalista
dqn,balanceado,14,10014,117.65741324921136,348.79999999999995,462.0,86.0,1483,215.40930546190154,42.95210166177908,253.6423487544484,1585,777,generalista
dqn,balanceado,15,10015,152.034008683068,571.950000000001,950.0,102.0,1293,219.6829079659706,42.93623804463337,384.8253968253968,1382,777,generalista
dqn,balanceado,16,10016,136.1962741184298,672.0999999999619,903.0,93.0,1413,232.43949044585986,46.458631256384066,303.85496183206106,1503,777,generalista
dqn,balanceado,17,10017,137.31940700808624,717.0499999999988,1014.0,93.0,1389,233.95968322534196,40.914572864321606,333.48057259713704,1484,777,generalista
dqn,balanceado,18,10018,121.69320388349514,378.0,527.0,93.0,1450,220.54137931034484,47.93266331658292,255.13272727272727,1545,777,generalista
dqn,balanceado,19,10019,148.72109320252278,835.7,993.0,99.0,1319,247.07657316148598,47.94234800838574,351.9830866807611,1427,777,generalista
dqn,balanceado,0,10000,116.60365135453475,283.0,394.0,104.0,1573,223.43293070565798,73.84762865792129,176.53465346534654,1698,2024,generalista
dqn,balanceado,1,10001,129.57308868501528,303.5999999999999,431.0,108.0,1527,236.1683038637852,77.59979423868313,205.76923076923077,1635,2024,generalista
dqn,balanceado,2,10002,128.39840881272949,313.0,405.0,102.0,1534,227.74576271186442,71.20743639921722,223.90359477124184,1634,2024,generalista
dqn,balanceado,3,10003,145.54516539440203,359.0,510.0,115.0,1460,250.8541095890411,82.95542046605877,251.14529914529913,1572,2024,generalista
dqn,balanceado,4,10004,127.50340136054422,323.39999999999964,478.0,107.0,1518,231.92226613965744,75.15462868769075,208.66876971608832,1617,2024,generalista
dqn,balanceado,5,10005,121.83641791044776,297.5999999999999,516.0,106.0,1573,224.95232040686585,72.71956087824351,194.96433878157504,1675,2024,generalista
dqn,balanceado,6,10006,133.30308318789994,326.0,453.0,112.0,1612,234.40012406947892,81.34842883548983,221.55259026687597,1719,2024,generalista
dqn,balanceado,7,10007,135.23914452365523,371.89999999999986,580.0,112.0,1433,241.21214235868806,67.1146694214876,249.92521739130436,1543,2024,generalista
dqn,balanceado,8,10008,121.95175186674325,279.0,451.0,110.0,1628,225.08415233415232,80.76930693069306,178.85225718194255,1741,2024,generalista
dqn,balanceado,9,10009,132.46687116564416,353.0,492.0,105.0,1523,232.36638214051214,70.2593659942363,242.4125636672326,1630,2024,generalista
dqn,balanceado,10,10010,123.90454016298021,280.14999999999986,443.0,105.0,1600,225.11,78.442,187.22284122562675,1718,2024,generalista
dqn,balanceado,11,10011,125.374325134973,288.0,409.0,101.0,1547,232.47252747252747,77.41608040201005,196.38392857142858,1667,2024,generalista
dqn,balanceado,12,10012,128.562423500612,320.3499999999999,475.0,108.0,1526,233.32306684141545,81.86386898669396,198.00608828006088,1634,2024,generalista
dqn,balanceado,13,10013,129.65560425798373,336.1999999999998,417.0,106.0,1467,236.79618268575325,75.45794392523365,211.97791798107255,1597,2024,generalista
dqn,balanceado,14,10014,131.36038764385222,354.0,583.0,108.0,1528,229.0824607329843,76.67644183773216,220.43949044585986,1651,2024,generalista
dqn,balanceado,15,10015,126.53855799373041,318.5999999999999,454.0,100.0,1494,226.82128514056225,74.45377258235919,201.48012232415903,1595,2024,generalista
dqn,balanceado,16,10016,122.32395209580838,334.54999999999995,468.0,110.0,1563,220.74216250799745,68.02451481103166,199.2547033285094,1670,2024,generalista
dqn,balanceado,17,10017,123.73143196672608,268.0,377.0,107.0,1572,228.86577608142494,77.17587939698493,191.0610465116279,1683,2024,generalista
dqn,balanceado,18,10018,129.3737003058104,364.5999999999999,547.0,112.0,1535,230.9270358306189,80.49547738693467,205.3640625,1635,2024,generalista
dqn,balanceado,19,10019,128.5,291.9499999999998,409.0,110.0,1520,234.20065789473685,81.0377358490566,196.28293413173654,1622,2024,generalista
dqn,pico_invertido,0,10000,107.862409479921,343.0999999999999,429.0,89.0,1424,210.47823033707866,39.40717299578059,221.51488616462348,1519,7,generalista
dqn,pico_invertido,1,10001,110.82209377007065,333.0,530.0,90.0,1460,207.4513698630137,44.983033932135726,229.68828828828828,1557,7,generalista
dqn,pico_invertido,2,10002,108.27749683944374,305.9499999999998,527.0,86.0,1490,206.2536912751678,41.58139534883721,233.42363636363638,1582,7,generalista
dqn,pico_invertido,3,10003,124.27399073461284,365.0,714.0,96.0,1411,201.42593905031893,48.04352126607319,278.412,1511,7,generalista
dqn,pico_invertido,4,10004,114.12905360688286,346.0,448.0,87.0,1417,214.59633027522935,42.49741468459152,241.45955882352942,1511,7,generalista
dqn,pico_invertido,5,10005,108.67307692307692,315.04999999999995,487.0,90.0,1471,207.84432358939497,42.18045862412762,228.40754039497307,1560,7,generalista
dqn,pico_invertido,6,10006,112.20918032786885,315.0,450.0,88.0,1437,213.21224773834376,47.17040816326531,229.15963302752294,1525,7,generalista
dqn,pico_invertido,7,10007,106.15558424790187,311.5999999999999,471.0,94.0,1460,207.1472602739726,42.10104166666667,210.55687606112053,1549,7,generalista
dqn,pico_invertido,8,10008,108.77552314521243,307.39999999999964,422.0,92.0,1474,214.16350067842606,47.19514661274014,212.35204081632654,1577,7,generalista
dqn,pico_invertido,9,10009,116.74608355091384,331.0,510.0,90.0,1430,219.46433566433566,49.80812182741117,237.28336380255942,1532,7,generalista
dqn,pico_invertido,10,10010,107.40368722186903,311.1999999999996,476.0,96.0,1463,209.91045796308956,40.34115347018573,232.14,1573,7,generalista
dqn,pico_invertido,11,10011,103.66878575969486,299.39999999999986,519.0,84.0,1482,205.4251012145749,39.57199211045365,219.93738819320214,1573,7,generalista
dqn,pico_invertido,12,10012,109.86486486486487,306.0,414.0,93.0,1462,217.91997264021887,45.943473792394656,216.91394148020655,1554,7,generalista
dqn,pico_invertido,13,10013,112.973630831643,310.1999999999998,507.0,88.0,1387,219.7209805335256,44.04157549234136,224.4849557522124,1479,7,generalista
dqn,pico_invertido,14,10014,112.15926892950391,324.0,422.0,95.0,1434,213.59693165969315,44.240570846075435,233.08166969147007,1532,7,generalista
dqn,pico_invertido,15,10015,115.41150159744409,325.79999999999995,425.0,94.0,1467,218.94069529652353,48.8377581120944,238.96167883211677,1565,7,generalista
dqn,pico_invertido,16,10016,109.16108654453569,345.0,423.0,89.0,1477,206.96005416384563,45.0873786407767,228.50271247739602,1583,7,generalista
dqn,pico_invertido,17,10017,97.91330891330891,271.0,426.0,92.0,1536,202.56575520833334,43.83583583583584,182.45696400625977,1638,7,generalista
dqn,pico_invertido,18,10018,105.14294592914854,315.0,489.0,88.0,1525,207.91737704918032,40.1104707012488,224.33098591549296,1609,7,generalista
dqn,pico_invertido,19,10019,122.81403044341495,349.0,483.0,104.0,1410,224.38156028368795,51.58793969849246,260.1589147286822,1511,7,generalista
dqn,pico_invertido,0,10000,125.67540983606557,311.79999999999995,412.0,95.0,1421,236.62491203377903,71.40400843881856,214.842287694974,1525,42,generalista
dqn,pico_invertido,1,10001,122.78768441308532,308.0999999999999,447.0,103.0,1452,224.23347107438016,66.90419161676647,223.31777378815082,1559,42,generalista
dqn,pico_invertido,2,10002,138.9974342527261,355.0,482.0,108.0,1453,245.86579490708877,79.32945736434108,255.84250474383302,1559,42,generalista
dqn,pico_invertido,3,10003,127.04525175270874,328.5999999999999,435.0,112.0,1475,236.22237288135594,72.39861523244312,226.05555555555554,1569,42,generalista
dqn,pico_invertido,4,10004,128.10261437908497,305.0,468.0,102.0,1424,238.16432584269663,72.77145811789038,223.13854351687388,1530,42,generalista
dqn,pico_invertido,5,10005,119.63839285714286,293.64999999999986,373.0,95.0,1459,226.0034270047978,63.126620139581256,219.95929203539822,1568,42,generalista
dqn,pico_invertido,6,10006,130.67660702451954,327.5999999999999,441.0,105.0,1400,235.5807142857143,69.53163265306122,243.9508506616257,1509,42,generalista
dqn,pico_invertido,7,10007,124.29820051413881,286.0,473.0,106.0,1444,237.0062326869806,77.33333333333333,199.94630872483222,1556,42,generalista
dqn,pico_invertido,8,10008,128.62282398452612,338.5,445.0,109.0,1450,237.67310344827587,73.27906976744185,226.01601423487546,1551,42,generalista
dqn,pico_invertido,9,10009,125.64709677419354,300.0,414.0,97.0,1430,235.14265734265734,70.38477157360406,221.98938053097345,1550,42,generalista
dqn,pico_invertido,10,10010,145.3848167539267,394.64999999999986,510.0,123.0,1409,256.1511710432931,85.87096774193549,265.94455445544554,1528,42,generalista
dqn,pico_invertido,11,10011,127.3104786545925,323.0,417.0,102.0,1438,234.53546592489568,70.44871794871794,235.68984962406014,1546,42,generalista
dqn,pico_invertido,12,10012,125.0146124523507,287.3499999999999,361.0,95.0,1479,236.26774847870183,75.86125385405961,204.59234608985025,1574,42,generalista
dqn,pico_invertido,13,10013,135.99054692775152,309.0,488.0,103.0,1387,248.31146359048304,83.99015317286653,219.8148148148148,1481,42,generalista
dqn,pico_invertido,14,10014,125.01754385964912,307.0,359.0,100.0,1427,232.72810091100212,68.39959225280326,224.55555555555554,1539,42,generalista
dqn,pico_invertido,15,10015,128.2982681205901,326.0,438.0,107.0,1440,236.93472222222223,68.07472959685349,241.30073800738006,1559,42,generalista
dqn,pico_invertido,16,10016,130.8827278521351,322.5999999999999,462.0,100.0,1452,237.53719008264463,76.20194174757282,235.37476808905382,1569,42,generalista
dqn,pico_invertido,17,10017,129.8101023017903,307.0,377.0,104.0,1462,236.8248974008208,74.72872872872873,227.2017699115044,1564,42,generalista
dqn,pico_invertido,18,10018,122.36024844720497,348.54999999999995,452.0,109.0,1516,233.0745382585752,68.93083573487031,220.11072056239016,1610,42,generalista
dqn,pico_invertido,19,10019,143.79893119572478,374.0,461.0,109.0,1392,254.14870689655172,77.91256281407036,274.39043824701196,1497,42,generalista
dqn,pico_invertido,0,10000,130.899064171123,356.0,516.0,94.0,1404,225.9408831908832,64.38818565400844,245.9580291970803,1496,123,generalista
dqn,pico_invertido,1,10001,142.69246298788696,403.0,781.0,118.0,1358,218.50883652430045,63.650698602794414,306.32851239669424,1486,123,generalista
dqn,pico_invertido,2,10002,193.10380116959064,1309.9499999999614,1849.0,118.0,1264,268.73971518987344,81.41375968992249,536.1517857142857,1368,123,generalista
dqn,pico_invertido,3,10003,244.4780739466896,2935.0,3203.0,111.0,1068,114.18539325842697,49.97922848664688,1538.1513157894738,1163,123,generalista
dqn,pico_invertido,4,10004,311.5207756232687,3204.0,3389.0,121.0,956,146.78556485355648,105.02688728024819,2032.896551724138,1083,123,generalista
dqn,pico_invertido,5,10005,235.29258353708232,2355.0,2696.0,113.0,1111,158.78307830783078,80.14356929212363,930.0,1227,123,generalista
dqn,pico_invertido,6,10006,122.13113695090439,316.64999999999986,381.0,103.0,1446,221.83609958506224,62.66428571428571,224.73239436619718,1548,123,generalista
dqn,pico_invertido,7,10007,298.68333333333334,2889.0,3104.0,128.0,999,152.91591591591592,125.146875,1224.2111111111112,1140,123,generalista
dqn,pico_invertido,8,10008,310.3909574468085,3179.6499999999996,3312.0,120.0,1002,152.05389221556885,121.79676440849343,1652.2589928057555,1128,123,generalista
dqn,pico_invertido,9,10009,124.63350785340315,354.0,536.0,92.0,1432,225.34427374301677,54.13401015228426,252.51933701657458,1528,123,generalista
dqn,pico_invertido,10,10010,317.0649122807018,3076.199999999999,3395.0,133.0,996,150.42369477911646,126.43597262952102,1983.8461538461538,1140,123,generalista
dqn,pico_invertido,11,10011,130.80579328505596,354.0,520.0,106.0,1405,229.9743772241993,64.07199211045365,264.8019801980198,1519,123,generalista
dqn,pico_invertido,12,10012,254.20600500417015,2311.1,2789.0,120.0,1086,181.77992633517496,94.59095580678314,941.3982300884956,1199,123,generalista
dqn,pico_invertido,13,10013,280.28689275893674,2646.5,3008.0,123.0,975,154.95589743589744,96.85448577680525,1227.502824858757,1091,123,generalista
dqn,pico_invertido,14,10014,272.7766457680251,1324.5,1691.0,168.0,1182,373.1082910321489,165.58511722731907,629.2338983050847,1276,123,generalista
dqn,pico_invertido,15,10015,265.0724396336386,2097.0,2312.0,123.0,1086,292.38950276243094,97.72959685349066,1190.0054347826087,1201,123,generalista
dqn,pico_invertido,16,10016,269.2089552238806,2752.0,3012.0,119.0,1080,166.2574074074074,97.87864077669903,1271.8806818181818,1206,123,generalista
dqn,pico_invertido,17,10017,176.509349289454,1586.2,1963.0,107.0,1230,168.99024390243903,50.45745745745746,549.0710059171597,1337,123,generalista
dqn,pico_invertido,18,10018,126.1451509312781,381.39999999999964,510.0,98.0,1467,223.8336741649625,54.83669548511047,270.00581395348837,1557,123,generalista
dqn,pico_invertido,19,10019,202.59591194968553,1970.4000000000015,2275.0,117.0,1182,165.89509306260575,56.257286432160804,728.2527075812275,1272,123,generalista
dqn,pico_invertido,0,10000,134.6887508626639,392.39999999999964,499.0,102.0,1332,237.41066066066065,58.41772151898734,279.00998003992015,1449,777,generalista
dqn,pico_invertido,1,10001,123.18552631578947,359.0,449.0,99.0,1417,220.68454481298517,53.94111776447106,257.1293436293436,1520,777,generalista
dqn,pico_invertido,2,10002,129.45302445302445,352.3499999999999,488.0,103.0,1453,232.07914659325533,62.53391472868217,261.7528735632184,1554,777,generalista
dqn,pico_invertido,3,10003,133.48910891089108,350.5999999999999,522.0,111.0,1412,237.592776203966,64.86449060336301,271.1468253968254,1515,777,generalista
dqn,pico_invertido,4,10004,125.96991978609626,357.25,494.0,94.0,1402,228.5299572039943,55.57187176835574,254.65595463137996,1496,777,generalista
dqn,pico_invertido,5,10005,125.33575677461997,344.0,414.0,99.0,1402,226.98074179743224,54.242273180458625,265.15294117647056,1513,777,generalista
dqn,pico_invertido,6,10006,127.80766644250168,372.70000000000005,485.0,90.0,1395,225.07025089605736,55.43469387755102,267.7001972386588,1487,777,generalista
dqn,pico_invertido,7,10007,120.45066666666666,347.0,523.0,95.0,1398,223.1716738197425,50.184375,245.36851851851853,1500,777,generalista
dqn,pico_invertido,8,10008,133.1433311214333,390.70000000000005,520.0,103.0,1402,237.2824536376605,62.50960566228514,268.0019305019305,1507,777,generalista
dqn,pico_invertido,9,10009,131.6284558327714,374.89999999999986,526.0,98.0,1373,236.8404952658412,57.7005076142132,277.85140562248995,1483,777,generalista
dqn,pico_invertido,10,10010,134.90860927152318,401.0,517.0,107.0,1386,240.72727272727272,64.15933528836754,283.52566735112936,1510,777,generalista
dqn,pico_invertido,11,10011,130.78440677966103,438.89999999999986,602.0,98.0,1393,225.35534816941853,51.27120315581854,305.67895878524945,1475,777,generalista
dqn,pico_invertido,12,10012,135.22281521014008,362.0,486.0,96.0,1408,240.6796875,65.33710174717369,264.4980988593156,1499,777,generalista
dqn,pico_invertido,13,10013,136.57183297947628,369.0,592.0,93.0,1333,239.7786946736684,58.41247264770241,279.73346693386776,1413,777,generalista
dqn,pico_invertido,14,10014,122.33577127659575,359.0,467.0,94.0,1398,226.90844062947068,54.796126401630985,249.02103250478012,1504,777,generalista
dqn,pico_invertido,15,10015,132.1544502617801,374.0,462.0,113.0,1410,240.98794326241133,63.302851524090464,269.1839530332681,1528,777,generalista
dqn,pico_invertido,16,10016,129.28930412371133,364.0,466.0,97.0,1435,231.17770034843207,63.05825242718446,259.9750957854406,1552,777,generalista
dqn,pico_invertido,17,10017,121.19896973599485,348.39999999999986,460.0,98.0,1439,226.44058373870743,55.208208208208205,240.19675090252707,1553,777,generalista
dqn,pico_invertido,18,10018,131.26966292134833,413.0,577.0,94.0,1429,226.67669699090274,52.99519692603266,303.90466101694915,1513,777,generalista
dqn,pico_invertido,19,10019,139.85406859448554,413.70000000000005,531.0,105.0,1391,245.89575844716032,66.53869346733669,288.1239837398374,1487,777,generalista
dqn,pico_invertido,0,10000,139.85295989815404,336.0,501.0,108.0,1463,245.7012987012987,92.46097046413502,211.96789727126807,1571,2024,generalista
dqn,pico_invertido,1,10001,123.6465984346779,290.0,421.0,102.0,1557,228.44380218368659,84.13572854291417,183.72230652503794,1661,2024,generalista
dqn,pico_invertido,2,10002,153.7534854245881,363.0,525.0,116.0,1465,265.1467576791809,102.31298449612403,250.981684981685,1578,2024,generalista
dqn,pico_invertido,3,10003,132.96211180124223,292.54999999999995,433.0,109.0,1502,237.48868175765645,84.25519287833828,215.17028380634392,1610,2024,generalista
dqn,pico_invertido,4,10004,124.96270975761342,293.1999999999998,428.0,116.0,1504,232.29587765957447,79.72905894519131,193.095015576324,1609,2024,generalista
dqn,pico_invertido,5,10005,144.47248576850095,345.0,522.0,118.0,1468,245.66212534059946,92.58325024925225,234.51557093425606,1581,2024,generalista
dqn,pico_invertido,6,10006,128.1291745431632,309.6999999999998,502.0,111.0,1473,238.42769857433808,83.55714285714286,200.09060955518945,1587,2024,generalista
dqn,pico_invertido,7,10007,126.7518656716418,294.64999999999986,515.0,109.0,1496,233.67914438502675,84.21145833333334,189.77469135802468,1608,2024,generalista
dqn,pico_invertido,8,10008,130.52752009894866,318.0,471.0,119.0,1513,240.40713813615335,85.40950455005056,201.5812101910828,1617,2024,generalista
dqn,pico_invertido,9,10009,152.35850295469467,385.7999999999997,517.0,111.0,1407,260.3447050461976,89.77766497461928,266.9349442379182,1523,2024,generalista
dqn,pico_invertido,10,10010,135.19101123595505,363.89999999999964,507.0,123.0,1469,244.27433628318585,83.89345063538612,225.82556131260793,1602,2024,generalista
dqn,pico_invertido,11,10011,133.08982412060303,317.0,510.0,104.0,1487,238.33422999327504,79.84615384615384,226.49653979238755,1592,2024,generalista
dqn,pico_invertido,12,10012,144.06662515566626,324.0,450.0,116.0,1498,254.97329773030708,101.47790339157245,209.53080568720378,1606,2024,generalista
dqn,pico_invertido,13,10013,143.02453580901857,311.64999999999986,540.0,102.0,1406,253.3371266002845,92.83260393873086,220.25589225589226,1508,2024,generalista
dqn,pico_invertido,14,10014,125.64339622641509,303.64999999999986,404.0,109.0,1479,231.64976335361732,76.565749235474,204.69950738916256,1590,2024,generalista
dqn,pico_invertido,15,10015,136.83343808925204,338.0,426.0,108.0,1469,242.6780122532335,80.42576204523107,236.77526132404182,1591,2024,generalista
dqn,pico_invertido,16,10016,159.91875,371.0,523.0,128.0,1463,267.2624743677375,118.54077669902912,234.68947368421053,1600,2024,generalista
dqn,pico_invertido,17,10017,126.65750915750915,268.0,398.0,113.0,1527,233.06679764243614,82.76676676676676,195.2754303599374,1638,2024,generalista
dqn,pico_invertido,18,10018,134.8688725490196,343.4499999999998,575.0,111.0,1527,239.5343811394892,80.93467819404418,229.86971235194585,1632,2024,generalista
dqn,pico_invertido,19,10019,148.92889463477698,375.6999999999998,487.0,124.0,1412,256.39518413597733,95.14673366834171,245.8731884057971,1547,2024,generalista
