method,scenario,episode,traffic_seed,espera_media_s,espera_p95_s,espera_max_s,fila_maxima,throughput,tempo_viagem_medio_s,espera_media_avenida_s,espera_media_local_s,n_veiculos,dqn_seed
fixo_igual,pico_assimetrico,0,10000,251.10333006856024,513.0,718.0,206.0,1821,363.91927512355846,220.2410993129294,363.1451247165533,2042,
fixo_igual,pico_assimetrico,1,10001,251.30320699708454,497.0,809.0,207.0,1840,365.0733695652174,219.82452944748027,377.4476885644769,2058,
fixo_igual,pico_assimetrico,2,10002,252.56082071323888,522.3999999999996,818.0,215.0,1840,368.15815217391304,216.97694174757282,399.5338345864662,2047,
fixo_igual,pico_assimetrico,3,10003,238.26884301488238,433.0,692.0,203.0,1868,350.4759100642398,213.63730886850152,328.16294642857144,2083,
fixo_igual,pico_assimetrico,4,10004,237.9588122605364,430.0,701.0,199.0,1867,351.523835029459,216.17324290998766,313.7875536480687,2088,
fixo_igual,pico_assimetrico,5,10005,255.55812807881773,527.6499999999999,1012.0,214.0,1807,374.8666297731046,217.76701410177805,410.0375939849624,2030,
fixo_igual,pico_assimetrico,6,10006,251.80275454992622,529.3999999999999,805.0,214.0,1818,372.13366336633663,218.21948212083848,384.338199513382,2033,
fixo_igual,pico_assimetrico,7,10007,247.5519765739385,526.0,911.0,206.0,1837,361.0713119216113,218.13410900183712,363.03125,2049,
fixo_igual,pico_assimetrico,8,10008,258.6605691056911,518.0,825.0,202.0,1748,377.8609839816934,224.39027511196417,390.9185185185185,1968,
fixo_igual,pico_assimetrico,9,10009,243.31853281853282,530.4499999999998,806.0,203.0,1855,357.7148247978437,209.6773220747889,378.04589371980677,2072,
fixo_igual,pico_assimetrico,10,10010,254.9634268537074,539.0,777.0,206.0,1777,368.0112549240293,224.93387398627573,377.4503816793893,1996,
fixo_igual,pico_assimetrico,11,10011,243.9080684596577,531.0,732.0,204.0,1837,355.9678824169842,215.17361963190183,356.76867469879517,2045,
fixo_igual,pico_assimetrico,12,10012,232.1884259259259,435.0,628.0,206.0,1947,341.5269645608629,215.2125,291.6041666666667,2160,
fixo_igual,pico_assimetrico,13,10013,246.26251823043268,487.59999999999945,824.0,207.0,1839,361.8520935290919,211.31668696711327,384.5301204819277,2057,
fixo_igual,pico_assimetrico,14,10014,246.11555127587866,478.0,1011.0,207.0,1852,360.170626349892,214.5516403402187,366.65893271461715,2077,
fixo_igual,pico_assimetrico,15,10015,241.66522574447646,497.0,618.0,202.0,1860,354.3360215053763,211.99393203883494,354.3341013824885,2082,
fixo_igual,pico_assimetrico,16,10016,243.35536398467434,449.2999999999997,836.0,204.0,1862,357.6074113856069,216.76978851963747,344.9699769053118,2088,
fixo_igual,pico_assimetrico,17,10017,243.17156398104265,429.0,620.0,207.0,1881,358.829346092504,220.40613496932517,320.4791666666667,2110,
fixo_igual,pico_assimetrico,18,10018,244.76282671829622,488.0,711.0,205.0,1849,355.8750676041103,214.36007237635707,368.3112745098039,2066,
fixo_igual,pico_assimetrico,19,10019,235.40374459913585,435.0,614.0,199.0,1881,345.37373737373736,213.39408866995075,313.27668845315907,2083,
fixo_proporcional,pico_assimetrico,0,10000,96.71889908256881,607.0,836.0,117.0,2588,150.5823029366306,37.4805249788315,482.1763085399449,2725,
fixo_proporcional,pico_assimetrico,1,10001,121.34612599565533,620.9499999999998,934.0,138.0,2608,177.63228527607362,69.25592023265476,474.5323943661972,2762,
fixo_proporcional,pico_assimetrico,2,10002,115.47704447632712,594.6500000000001,967.0,133.0,2629,170.22708254089008,60.88861689106487,512.4985163204748,2788,
fixo_proporcional,pico_assimetrico,3,10003,109.29540636042402,515.0,739.0,134.0,2676,165.56203288490283,57.420254202542026,432.8849104859335,2830,
fixo_proporcional,pico_assimetrico,4,10004,106.44407894736842,614.0,946.0,125.0,2590,161.05752895752894,52.34212730318258,477.6954022988506,2736,
fixo_proporcional,pico_assimetrico,5,10005,108.94272163443999,609.0,1172.0,122.0,2605,161.79731285988484,51.69445602334306,510.5175438596491,2741,
fixo_proporcional,pico_assimetrico,6,10006,122.92298980747452,628.0,950.0,136.0,2495,175.75070140280562,65.89142610943559,526.4908536585366,2649,
fixo_proporcional,pico_assimetrico,7,10007,102.88060781476122,597.8499999999999,1044.0,118.0,2625,154.65561904761904,47.1023198011599,487.5914285714286,2764,
fixo_proporcional,pico_assimetrico,8,10008,95.7486930545183,612.1500000000001,1061.0,102.0,2544,150.52712264150944,37.038083012409075,498.1143695014663,2678,
fixo_proporcional,pico_assimetrico,9,10009,109.3317236255572,618.0,895.0,119.0,2552,161.98942006269593,51.7336747759283,496.0143266475645,2692,
fixo_proporcional,pico_assimetrico,10,10010,98.83138686131387,612.1499999999992,960.0,105.0,2617,156.44019870080245,43.9317519766958,490.2967359050445,2740,
fixo_proporcional,pico_assimetrico,11,10011,114.34334921216563,633.5999999999999,964.0,133.0,2576,169.47787267080744,61.326770004189356,484.37426900584796,2729,
fixo_proporcional,pico_assimetrico,12,10012,115.35899280575539,565.0,774.0,135.0,2617,168.6637371035537,64.48696383515559,416.28855721393035,2780,
fixo_proporcional,pico_assimetrico,13,10013,125.01288366805608,613.0999999999999,963.0,137.0,2486,182.3073209975865,66.60156589821662,519.9764705882353,2639,
fixo_proporcional,pico_assimetrico,14,10014,115.82061628760088,616.75,1175.0,130.0,2586,171.26836813611754,58.981917577796466,504.2183908045977,2726,
fixo_proporcional,pico_assimetrico,15,10015,111.8890479599141,605.3499999999999,814.0,142.0,2626,163.72201066260473,59.23497942386831,463.39835164835165,2794,
fixo_proporcional,pico_assimetrico,16,10016,108.16654247391952,625.0,1088.0,130.0,2528,158.16257911392404,52.50828729281768,503.82779456193356,2684,
fixo_proporcional,pico_assimetrico,17,10017,99.98342342342342,562.5999999999995,839.0,130.0,2623,152.19367136866182,43.00456810631229,473.8392370572207,2775,
fixo_proporcional,pico_assimetrico,18,10018,113.66583718450053,618.4000000000001,902.0,146.0,2644,165.41111951588502,62.49493311714633,478.51734104046244,2813,
fixo_proporcional,pico_assimetrico,19,10019,109.3983174835406,591.0499999999997,963.0,121.0,2591,164.18255499807023,56.41033179336413,466.8045325779037,2734,
atuado_gap,pico_assimetrico,0,10000,261.6019736842105,813.6499999999999,1211.0,233.0,1913,342.5342394145321,200.14293537787515,633.205298013245,2128,
atuado_gap,pico_assimetrico,1,10001,263.61991584852734,888.5999999999985,1592.0,240.0,1919,338.09796769150597,198.86175847457628,750.7250996015936,2139,
atuado_gap,pico_assimetrico,2,10002,273.36889521100045,935.1999999999971,2042.0,232.0,1885,346.310875331565,200.30928381962866,888.1785714285714,2109,
atuado_gap,pico_assimetrico,3,10003,265.5348282442748,919.5,1332.0,230.0,1872,344.27831196581195,199.6595744680851,724.6577946768061,2096,
atuado_gap,pico_assimetrico,4,10004,265.59138257575756,887.4499999999998,1817.0,232.0,1892,356.3551797040169,201.00379815518176,708.1003717472119,2112,
atuado_gap,pico_assimetrico,5,10005,272.2379359770664,880.3999999999999,1592.0,237.0,1860,337.5451612903226,203.58519324986392,764.875,2093,
atuado_gap,pico_assimetrico,6,10006,270.456884230586,899.4999999999995,1404.0,234.0,1876,342.5986140724947,201.28694714131606,793.8897959183673,2099,
atuado_gap,pico_assimetrico,7,10007,256.84906542056075,637.05,2126.0,228.0,1919,330.6383533090151,201.21571815718158,604.793220338983,2140,
atuado_gap,pico_assimetrico,8,10008,270.09064469219584,831.4999999999993,1567.0,227.0,1834,342.0594329334787,203.00443704936217,735.3076923076923,2063,
atuado_gap,pico_assimetrico,9,10009,261.67397388059703,858.5999999999985,1419.0,240.0,1918,336.6266944734098,194.9684323167469,715.0290909090909,2144,
atuado_gap,pico_assimetrico,10,10010,270.3949013949014,799.2999999999997,1893.0,239.0,1859,341.343733189887,204.507096069869,759.085020242915,2079,
atuado_gap,pico_assimetrico,11,10011,270.63264323543575,806.9999999999909,1799.0,235.0,1855,345.6350404312669,202.23333333333332,777.3967611336033,2077,
atuado_gap,pico_assimetrico,12,10012,252.12968681076313,632.0,1112.0,253.0,2055,342.2199513381995,202.6278947368421,508.4059945504087,2267,
atuado_gap,pico_assimetrico,13,10013,273.8527724665392,926.0,1614.0,236.0,1869,350.31567683253076,201.0561555075594,835.6,2092,
atuado_gap,pico_assimetrico,14,10014,261.8251162790698,682.9499999999996,1651.0,236.0,1922,333.35015608740895,200.9903381642512,656.7212543554007,2150,
atuado_gap,pico_assimetrico,15,10015,261.6026119402985,851.0,1567.0,245.0,1912,333.842050209205,194.8993074054342,730.5243445692884,2144,
atuado_gap,pico_assimetrico,16,10016,260.14239482200645,774.5000000000005,1583.0,245.0,1914,340.00261233019853,202.6370409792443,640.6091549295775,2163,
atuado_gap,pico_assimetrico,17,10017,260.3024101864484,729.3999999999996,1589.0,244.0,1970,342.5406091370558,202.13853503184714,608.1777777777778,2199,
atuado_gap,pico_assimetrico,18,10018,270.89560699102503,932.9999999999982,2229.0,240.0,1887,354.1192368839428,198.75264270613107,877.5377777777778,2117,
atuado_gap,pico_assimetrico,19,10019,263.56356736242884,816.6499999999999,1321.0,238.0,1896,341.77742616033754,198.75587110868378,691.9494584837545,2108,
max_pressure,pico_assimetrico,0,10000,258.82861124013004,3008.3999999999996,3574.0,199.0,1914,181.53918495297805,157.2714628297362,3372.75,2153,
max_pressure,pico_assimetrico,1,10001,260.2992700729927,3110.1499999999987,3533.0,216.0,1946,177.55652620760534,162.4702268431002,2984.065789473684,2192,
max_pressure,pico_assimetrico,2,10002,275.8871260199456,3151.75,3571.0,207.0,1932,190.94616977225672,171.12099811676083,2989.5853658536585,2206,
max_pressure,pico_assimetrico,3,10003,276.55489205328433,3177.5999999999995,3577.0,233.0,1927,189.3757135443695,170.06193425440685,3142.3076923076924,2177,
max_pressure,pico_assimetrico,4,10004,274.98087686567163,3128.399999999998,3574.0,226.0,1881,185.11589580010633,173.78550583657588,2639.2727272727275,2144,
max_pressure,pico_assimetrico,5,10005,261.1650045330916,3146.75,3574.0,227.0,1966,176.1739572736521,164.70174610665407,2610.655172413793,2206,
max_pressure,pico_assimetrico,6,10006,264.66887730933206,3127.0,3572.0,219.0,1879,169.31985098456627,171.67980295566502,2595.135802469136,2111,
max_pressure,pico_assimetrico,7,10007,243.81522707034728,2980.75,3540.0,212.0,2013,167.34078489816196,154.24613944782405,1999.8623853211009,2246,
max_pressure,pico_assimetrico,8,10008,265.0245711636532,3082.999999999998,3555.0,219.0,1906,179.3635886673662,165.83646888567293,2712.845238095238,2157,
max_pressure,pico_assimetrico,9,10009,274.8934579439252,3111.2,3577.0,220.0,1882,187.71838469713072,172.61542215714982,2577.835164835165,2140,
max_pressure,pico_assimetrico,10,10010,263.837390904915,3087.3999999999996,3577.0,218.0,1936,179.75413223140495,165.77783086478738,2707.154761904762,2177,
max_pressure,pico_assimetrico,11,10011,252.97802197802199,3131.85,3576.0,200.0,1947,167.56651258346173,160.26315789473685,2860.12,2184,
max_pressure,pico_assimetrico,12,10012,272.48339483394835,3175.2500000000005,3557.0,223.0,1914,185.23406478578892,169.02246653919693,3120.3815789473683,2168,
max_pressure,pico_assimetrico,13,10013,276.113416988417,3187.45,3572.0,224.0,1830,183.9551912568306,172.7973040439341,3275.2753623188405,2072,
max_pressure,pico_assimetrico,14,10014,267.6318245450303,3067.9999999999986,3566.0,209.0,1898,175.88830347734458,170.77966101694915,2831.730769230769,2143,
max_pressure,pico_assimetrico,15,10015,267.688323489323,3111.0,3541.0,223.0,1936,184.67561983471074,165.45823501651722,2909.4634146341464,2201,
max_pressure,pico_assimetrico,16,10016,269.90649836372137,3092.2,3559.0,210.0,1888,180.45603813559322,172.04046806435886,2550.8522727272725,2139,
max_pressure,pico_assimetrico,17,10017,262.7224247948952,3078.3999999999996,3578.0,219.0,1950,178.55897435897435,163.22065063649222,3153.72602739726,2194,
max_pressure,pico_assimetrico,18,10018,263.3633940470902,3120.5,3570.0,213.0,1995,181.79348370927318,162.3331801470588,3194.5866666666666,2251,
max_pressure,pico_assimetrico,19,10019,277.6313559322034,3122.85,3576.0,220.0,1859,188.4610005379236,172.78515625,3102.9605263157896,2124,
dqn,pico_assimetrico,0,10000,184.59158521036974,428.0,589.0,214.0,2126,317.085136406397,148.6931877275091,345.13255813953486,2353,7
dqn,pico_assimetrico,1,10001,185.24802986312733,454.0,685.0,221.0,2189,312.88853357697576,147.44449950445986,379.36386768447835,2411,7
dqn,pico_assimetrico,2,10002,199.77611940298507,494.1500000000001,921.0,224.0,2065,330.17046004842615,153.30769230769232,452.3333333333333,2278,7
dqn,pico_assimetrico,3,10003,192.6673588039867,402.0,638.0,219.0,2168,322.604704797048,161.5142421159715,331.2352941176471,2408,7
dqn,pico_assimetrico,4,10004,177.582580115037,432.3499999999999,654.0,215.0,2190,308.9821917808219,142.87574552683895,343.0568720379147,2434,7
dqn,pico_assimetrico,5,10005,203.21719038817005,515.2499999999995,1027.0,213.0,1938,342.36480908152737,156.89461883408072,420.68947368421055,2164,7
dqn,pico_assimetrico,6,10006,190.26304533789565,448.1500000000001,656.0,221.0,2117,332.4227680680208,153.9284603421462,361.63080684596576,2338,7
dqn,pico_assimetrico,7,10007,178.8026700041719,496.1999999999998,891.0,215.0,2160,307.475462962963,138.36354581673308,387.54755784061695,2397,7
dqn,pico_assimetrico,8,10008,183.02290712203248,419.0,620.0,215.0,2159,309.8568781843446,148.70852244074635,345.811004784689,2401,7
dqn,pico_assimetrico,9,10009,190.80950305143853,434.3499999999999,545.0,210.0,2062,316.4422890397672,154.22156652360516,349.4139534883721,2294,7
dqn,pico_assimetrico,10,10010,195.10152505446624,500.2999999999997,705.0,201.0,2087,330.92189746046955,154.52012545739677,398.32722513089004,2295,7
dqn,pico_assimetrico,11,10011,193.83994766681204,510.4000000000001,791.0,223.0,2056,330.38472762645915,152.674357629785,397.2150259067358,2293,7
dqn,pico_assimetrico,12,10012,174.04691259021652,376.0,631.0,201.0,2253,308.479804704838,142.28375061364753,315.6258205689278,2494,7
dqn,pico_assimetrico,13,10013,196.36035634743877,477.0,749.0,226.0,2034,326.874139626352,154.16144708423326,395.22137404580155,2245,7
dqn,pico_assimetrico,14,10014,197.17316409791476,508.25,819.0,216.0,1995,320.7994987468672,149.84330794341676,433.5652173913044,2206,7
dqn,pico_assimetrico,15,10015,191.6890756302521,492.0,688.0,222.0,2141,317.53479682391406,148.28434826371415,411.14249363867685,2380,7
dqn,pico_assimetrico,16,10016,183.9983870967742,449.0,778.0,218.0,2232,318.2871863799283,146.45615716339242,383.36386768447835,2480,7
dqn,pico_assimetrico,17,10017,194.82748024582966,492.0,792.0,221.0,2048,332.984375,149.85010593220338,412.56410256410254,2278,7
dqn,pico_assimetrico,18,10018,176.51178861788617,440.0499999999997,579.0,215.0,2250,301.4,137.61519845111326,380.4720812182741,2460,7
dqn,pico_assimetrico,19,10019,172.53865336658353,441.0,606.0,212.0,2157,304.0857672693556,136.25138539042823,343.6318289786223,2406,7
dqn,pico_assimetrico,0,10000,189.26814516129033,350.0499999999997,544.0,218.0,2233,317.56874160322434,170.04217479674796,263.16796875,2480,42
dqn,pico_assimetrico,1,10001,191.09576573011475,376.0,651.0,229.0,2309,313.8354265915981,164.73519499277805,312.76444444444445,2527,42
dqn,pico_assimetrico,2,10002,205.4995996797438,439.1500000000001,685.0,225.0,2271,329.6922060766182,178.59768451519537,336.7176470588235,2498,42
dqn,pico_assimetrico,3,10003,177.07536118703632,343.0,496.0,221.0,2336,301.0154109589041,154.58527131782947,270.4748490945674,2561,42
dqn,pico_assimetrico,4,10004,184.6589991928975,346.1500000000001,652.0,221.0,2246,305.44211932324134,164.45188916876575,266.02028397565925,2478,42
dqn,pico_assimetrico,5,10005,205.20207039337475,403.0,721.0,229.0,2173,331.47630004601933,177.09934110491636,330.6470588235294,2415,42
dqn,pico_assimetrico,6,10006,194.08786936236393,415.4499999999998,613.0,222.0,2334,320.7763496143959,171.61129568106313,295.93333333333334,2572,42
dqn,pico_assimetrico,7,10007,180.58694787107044,415.0,605.0,224.0,2303,300.4290056448111,158.56981871631552,275.79237288135596,2513,42
dqn,pico_assimetrico,8,10008,191.06576325229176,407.0,586.0,226.0,2272,313.67517605633805,166.0009708737864,306.0623608017817,2509,42
dqn,pico_assimetrico,9,10009,185.0543390105434,371.75,526.0,221.0,2254,305.1876663708962,158.1928251121076,302.50762527233115,2466,42
dqn,pico_assimetrico,10,10010,202.6415711947627,435.0,667.0,221.0,2229,333.4647824136384,179.59238858287432,305.6152125279642,2444,42
dqn,pico_assimetrico,11,10011,186.2187120291616,387.0,587.0,220.0,2261,309.5603715170279,159.85721368368866,303.853982300885,2469,42
dqn,pico_assimetrico,12,10012,186.4067730634488,369.0,518.0,226.0,2334,306.2604970008569,163.82892839980778,282.6864754098361,2569,42
dqn,pico_assimetrico,13,10013,199.63151658767774,388.0,637.0,216.0,2295,322.20479302832246,178.21882581271228,293.32908704883226,2532,42
dqn,pico_assimetrico,14,10014,185.65522620904835,395.0,666.0,222.0,2333,309.18474067723963,161.70871013802952,294.3196544276458,2564,42
dqn,pico_assimetrico,15,10015,190.94774631033107,371.0,548.0,225.0,2255,316.9321507760532,166.08599508599508,298.13771186440675,2507,42
dqn,pico_assimetrico,16,10016,192.57843894899537,371.0,575.0,225.0,2326,319.83018056749785,171.49173358526215,287.35668789808915,2588,42
dqn,pico_assimetrico,17,10017,172.18763961280715,341.0,537.0,228.0,2418,290.20802315963607,153.8241554835724,247.7752380952381,2686,42
dqn,pico_assimetrico,18,10018,191.5887814313346,387.0,541.0,217.0,2346,313.55797101449275,167.02757009345794,309.70337078651687,2585,42
dqn,pico_assimetrico,19,10019,179.94805194805195,356.0,547.0,220.0,2299,303.78816876903,156.4306498545102,281.1858037578288,2541,42
dqn,pico_assimetrico,0,10000,165.89467592592592,429.34999999999945,775.0,227.0,2362,288.5169348010161,126.0651376146789,376.6432038834951,2592,123
dqn,pico_assimetrico,1,10001,176.41875981161695,555.3000000000002,984.0,213.0,2333,289.96228032576084,129.71589882565493,486.0,2548,123
dqn,pico_assimetrico,2,10002,183.33333333333334,541.0,788.0,218.0,2302,301.6824500434405,136.8049006010171,475.0463768115942,2508,123
dqn,pico_assimetrico,3,10003,162.35453160700686,506.75,928.0,220.0,2395,280.68100208768266,118.452,425.0691489361702,2626,123
dqn,pico_assimetrico,4,10004,162.01147151898735,491.6500000000001,706.0,204.0,2309,286.35513209181465,120.1689284043051,390.7007672634271,2528,123
dqn,pico_assimetrico,5,10005,177.5879983890455,562.6000000000004,946.0,218.0,2264,292.20318021201416,129.8515735086895,464.680790960452,2483,123
dqn,pico_assimetrico,6,10006,175.34032634032633,511.0,859.0,210.0,2362,289.6888230313294,130.59811405478223,462.4899135446686,2574,123
dqn,pico_assimetrico,7,10007,167.48214285714286,534.0,1218.0,218.0,2342,288.57643040136634,120.06398210290828,478.27272727272725,2576,123
dqn,pico_assimetrico,8,10008,167.74713098535813,547.6999999999998,799.0,212.0,2312,285.7967128027682,123.27255900046275,430.3415300546448,2527,123
dqn,pico_assimetrico,9,10009,180.9987735077678,605.5,815.0,219.0,2225,291.5901123595506,131.15604186489057,485.5610465116279,2446,123
dqn,pico_assimetrico,10,10010,171.48006379585328,536.6000000000004,864.0,200.0,2280,294.83201754385965,124.74756831866605,460.5787965616046,2508,123
dqn,pico_assimetrico,11,10011,169.6383910792513,534.5,887.0,219.0,2301,287.5310734463277,123.22155132373432,448.7877094972067,2511,123
dqn,pico_assimetrico,12,10012,159.49172489885987,454.2999999999997,669.0,221.0,2503,269.8294047143428,117.38091143594153,408.72773536895676,2719,123
dqn,pico_assimetrico,13,10013,199.43474611833824,611.9000000000001,915.0,219.0,2159,318.2348309402501,146.95912408759125,528.2073170731708,2383,123
dqn,pico_assimetrico,14,10014,172.449821499405,524.0,980.0,228.0,2299,294.4219225750326,126.86483975847655,439.1467391304348,2521,123
dqn,pico_assimetrico,15,10015,175.78687228153422,550.5999999999999,732.0,207.0,2303,292.17021276595744,128.4149377593361,461.2027777777778,2529,123
dqn,pico_assimetrico,16,10016,175.80047789725208,515.5,861.0,223.0,2276,300.0927065026362,132.86439888164026,428.241095890411,2511,123
dqn,pico_assimetrico,17,10017,164.64143126177024,478.59999999999945,806.0,207.0,2420,285.21280991735534,120.86379613356766,427.5382585751979,2655,123
dqn,pico_assimetrico,18,10018,163.11944869831547,494.4499999999998,802.0,210.0,2391,278.5135926390632,119.93680462839342,428.958904109589,2612,123
dqn,pico_assimetrico,19,10019,168.56579476861168,519.7999999999997,670.0,207.0,2282,283.8089395267309,122.33755868544601,445.9352112676056,2485,123
dqn,pico_assimetrico,0,10000,154.42052469135803,1014.4499999999998,1526.0,197.0,2405,244.5950103950104,86.28492802709569,854.1434782608695,2592,777
dqn,pico_assimetrico,1,10001,150.53231357552582,337.0,2737.0,204.0,2482,187.84045124899274,82.53624382207579,1033.390374331551,2615,777
dqn,pico_assimetrico,2,10002,148.79672630376857,324.6999999999998,2746.0,200.0,2493,184.80104292017649,77.23663810689514,1145.3522727272727,2627,777
dqn,pico_assimetrico,3,10003,170.08933384674626,341.1999999999998,1803.0,214.0,2393,293.430004178855,114.0646420824295,612.3390410958904,2597,777
dqn,pico_assimetrico,4,10004,131.78296703296704,277.0,3045.0,193.0,2427,137.25381128965802,53.77386934673367,1296.06875,2548,777
dqn,pico_assimetrico,5,10005,162.9952959623677,486.0,3003.0,212.0,2402,186.8534554537885,88.38932888703627,1340.4934210526317,2551,777
dqn,pico_assimetrico,6,10006,216.86402027027026,369.3000000000002,3291.0,225.0,2132,267.21529080675424,134.52517667844523,2009.3173076923076,2368,777
dqn,pico_assimetrico,7,10007,114.43132624950806,176.0,3304.0,161.0,2440,97.13770491803278,28.269262634631318,1752.1889763779527,2541,777
dqn,pico_assimetrico,8,10008,143.8087098087098,395.0,3168.0,196.0,2298,155.25805047867712,61.78990158322636,1741.125,2457,777
dqn,pico_assimetrico,9,10009,153.40546784751638,320.1999999999998,2291.0,197.0,2395,236.83799582463465,85.76655348047538,814.6390041493776,2597,777
dqn,pico_assimetrico,10,10010,210.11407012871726,563.4000000000001,2431.0,214.0,2009,291.2434046789447,143.04547701433515,800.0260869565218,2253,777
dqn,pico_assimetrico,11,10011,159.6665402124431,668.25,1424.0,205.0,2429,260.25030876904077,99.72441275167785,726.7380952380952,2636,777
dqn,pico_assimetrico,12,10012,131.07744510978043,200.0,3348.0,196.0,2387,124.58273984080435,38.23,2253.304761904762,2505,777
dqn,pico_assimetrico,13,10013,149.29117527450182,314.1999999999998,2928.0,203.0,2361,171.14527742482,63.622829861111114,1422.7096774193549,2459,777
dqn,pico_assimetrico,14,10014,152.74296875,339.0,2796.0,212.0,2425,179.64907216494845,80.49643605870021,1137.36,2560,777
dqn,pico_assimetrico,15,10015,131.67404817404818,268.0,3127.0,202.0,2459,143.334688897926,47.002459016393445,1673.455223880597,2574,777
dqn,pico_assimetrico,16,10016,198.75407230830353,397.39999999999964,2486.0,221.0,2263,260.1444984533805,137.5718027062418,818.9690265486726,2517,777
dqn,pico_assimetrico,17,10017,127.75306203081786,214.0,3185.0,190.0,2422,127.63542526837324,41.126451077943614,1883.579831932773,2531,777
dqn,pico_assimetrico,18,10018,120.23280217644772,233.4000000000001,3289.0,193.0,2464,105.26055194805195,33.00565199838514,2370.875,2573,777
dqn,pico_assimetrico,19,10019,142.74162679425837,349.6500000000001,3055.0,219.0,2405,160.97837837837838,56.766484670306596,1754.6062992125985,2508,777
dqn,pico_assimetrico,0,10000,152.35046728971963,373.0,567.0,215.0,2567,258.5364238410596,123.8008695652174,288.58298755186723,2782,2024
dqn,pico_assimetrico,1,10001,164.54094108929232,433.0999999999999,669.0,225.0,2493,276.48335338949056,132.4706397896582,340.0431654676259,2699,2024
dqn,pico_assimetrico,2,10002,179.14206845785793,463.39999999999964,684.0,221.0,2461,287.6753352295815,150.19921534437663,336.10401891252957,2717,2024
dqn,pico_assimetrico,3,10003,159.80537634408603,422.0,592.0,210.0,2558,266.25215011727914,126.517841971113,339.5275229357798,2790,2024
dqn,pico_assimetrico,4,10004,153.46613545816734,439.0,647.0,205.0,2530,258.90237154150196,119.60119811724434,340.12264150943395,2761,2024
dqn,pico_assimetrico,5,10005,178.54436927974533,485.0,684.0,225.0,2292,295.62303664921467,137.29728464419475,412.2413793103448,2513,2024
dqn,pico_assimetrico,6,10006,169.7492389649924,434.0,578.0,222.0,2415,285.93498964803314,133.92145421903052,369.31,2628,2024
dqn,pico_assimetrico,7,10007,161.31833395314243,470.5999999999999,752.0,216.0,2457,276.9010989010989,125.1948109058927,359.2578313253012,2689,2024
dqn,pico_assimetrico,8,10008,175.73745954692558,441.0,583.0,208.0,2275,288.85802197802195,138.72894482090996,364.0615763546798,2472,2024
dqn,pico_assimetrico,9,10009,178.00039215686274,414.0,656.0,226.0,2314,295.5942091616249,145.98396226415093,335.8488372093023,2550,2024
dqn,pico_assimetrico,10,10010,166.05108654212734,429.0,579.0,212.0,2411,281.4392368311904,132.9632152588556,339.1140142517815,2623,2024
dqn,pico_assimetrico,11,10011,173.85562965868968,428.0,683.0,206.0,2351,288.951935346661,138.3219466541881,358.1650485436893,2549,2024
dqn,pico_assimetrico,12,10012,161.9705353934603,410.9000000000001,572.0,220.0,2550,272.47607843137257,132.94251394251395,311.67035398230087,2783,2024
dqn,pico_assimetrico,13,10013,193.6559424678274,493.9499999999998,934.0,227.0,2400,311.25666666666666,163.2954954954955,353.37203791469193,2642,2024
dqn,pico_assimetrico,14,10014,162.7975693125712,443.4000000000001,699.0,220.0,2425,273.9756701030928,126.4404168554599,351.15492957746477,2633,2024
dqn,pico_assimetrico,15,10015,176.0942225668864,450.0999999999999,669.0,213.0,2348,292.80451448040884,140.07774178621008,362.29425837320576,2579,2024
dqn,pico_assimetrico,16,10016,169.610088365243,476.75,838.0,214.0,2447,271.2525541479362,138.94181977252845,332.6511627906977,2716,2024
dqn,pico_assimetrico,17,10017,156.287939152481,417.0,566.0,222.0,2544,265.3824685534591,122.38673557278209,335.60136674259684,2761,2024
dqn,pico_assimetrico,18,10018,177.81449389523434,500.1999999999998,714.0,230.0,2302,292.92962641181583,139.23968474733425,395.630890052356,2539,2024
dqn,pico_assimetrico,19,10019,151.8425283156741,359.1999999999998,529.0,211.0,2528,258.8504746835443,124.63440387153541,285.1271551724138,2737,2024
fixo_igual,fora_pico,0,10000,43.08487084870849,106.0,303.0,37.0,1051,95.72502378686964,35.30527638190955,64.58680555555556,1084,
fixo_igual,fora_pico,1,10001,50.56320754716981,163.04999999999995,319.0,39.0,1031,104.68283220174588,35.196129032258064,92.35087719298245,1060,
fixo_igual,fora_pico,2,10002,66.51541850220265,237.29999999999995,431.0,45.0,1088,121.40992647058823,36.46634026927784,143.71698113207546,1135,
fixo_igual,fora_pico,3,10003,57.24857142857143,185.64999999999986,403.0,42.0,1003,112.01894317048854,36.239528795811516,113.37062937062937,1050,
fixo_igual,fora_pico,4,10004,47.53013182674199,117.0,338.0,39.0,1029,101.067055393586,36.905006418485236,76.7773851590106,1062,
fixo_igual,fora_pico,5,10005,53.30935251798561,169.45000000000005,335.0,44.0,1076,107.54460966542752,36.98313253012048,101.36170212765957,1112,
fixo_igual,fora_pico,6,10006,42.396880415944544,95.34999999999991,262.0,38.0,1113,94.8418688230009,36.55940023068051,60.03135888501742,1154,
fixo_igual,fora_pico,7,10007,86.14606741573034,327.54999999999984,514.0,59.0,1031,148.372453928225,35.03562005277045,211.11935483870968,1068,
fixo_igual,fora_pico,8,10008,49.04805914972273,140.95000000000005,253.0,42.0,1052,101.87927756653993,36.520650813516895,84.41696113074205,1082,
fixo_igual,fora_pico,9,10009,48.34308510638298,140.64999999999986,251.0,37.0,1096,101.19069343065694,36.482717520858166,82.77508650519032,1128,
fixo_igual,fora_pico,10,10010,49.07942238267148,135.64999999999986,311.0,38.0,1068,102.81460674157303,36.441947565543074,82.05211726384364,1108,
fixo_igual,fora_pico,11,10011,48.0045045045045,119.0,358.0,42.0,1068,101.1498127340824,35.7406015037594,79.37179487179488,1110,
fixo_igual,fora_pico,12,10012,55.73756906077348,159.75,427.0,44.0,1067,110.34395501405811,37.027061855670105,102.5741935483871,1086,
fixo_igual,fora_pico,13,10013,57.08989805375347,220.0999999999999,472.0,50.0,1048,113.16412213740458,35.21522309711286,109.67192429022082,1079,
fixo_igual,fora_pico,14,10014,48.451465201465204,140.35000000000014,307.0,38.0,1047,101.08404966571156,35.762202753441805,83.05460750853243,1092,
fixo_igual,fora_pico,15,10015,48.458891013384324,133.5,282.0,37.0,1016,101.72145669291339,36.468337730870715,80.01736111111111,1046,
fixo_igual,fora_pico,16,10016,52.2702205882353,171.0,372.0,44.0,1040,105.87884615384615,36.372093023255815,91.45859872611464,1088,
fixo_igual,fora_pico,17,10017,53.88691006233304,173.0,366.0,46.0,1088,107.37867647058823,36.03011292346299,97.54294478527608,1123,
fixo_igual,fora_pico,18,10018,40.87079162875341,89.09999999999991,242.0,35.0,1077,92.64902506963789,35.61234567901234,55.608996539792386,1099,
fixo_igual,fora_pico,19,10019,47.60882070949185,119.0,237.0,34.0,1015,100.31330049261084,37.16272965879265,75.93594306049822,1043,
fixo_proporcional,fora_pico,0,10000,39.42435424354244,126.69999999999982,335.0,27.0,1054,90.70493358633776,22.974874371859297,84.88888888888889,1084,
fixo_proporcional,fora_pico,1,10001,47.23207547169811,198.0999999999999,344.0,35.0,1028,99.28793774319067,20.22967741935484,120.65964912280701,1060,
fixo_proporcional,fora_pico,2,10002,73.66167400881058,329.0,672.0,48.0,1078,121.18181818181819,21.653610771113833,207.27987421383648,1135,
fixo_proporcional,fora_pico,3,10003,58.78952380952381,274.54999999999995,527.0,36.0,1005,111.0457711442786,21.25785340314136,159.04895104895104,1050,
fixo_proporcional,fora_pico,4,10004,42.37005649717514,151.94999999999993,413.0,29.0,1033,93.96030977734753,22.7201540436457,96.45936395759718,1062,
fixo_proporcional,fora_pico,5,10005,51.68255395683453,241.70000000000027,409.0,40.0,1082,104.44085027726433,20.495180722891565,143.47517730496455,1112,
fixo_proporcional,fora_pico,6,10006,40.910745233968804,171.0,357.0,31.0,1115,91.91928251121077,21.224913494809687,100.37979094076655,1154,
fixo_proporcional,fora_pico,7,10007,105.24063670411985,510.0,684.0,63.0,1004,162.93625498007967,21.15963060686016,310.8322580645161,1068,
fixo_proporcional,fora_pico,8,10008,49.55175600739371,220.80000000000018,372.0,41.0,1048,100.78530534351145,20.123904881101378,132.63604240282686,1082,
fixo_proporcional,fora_pico,9,10009,47.906028368794324,202.64999999999986,312.0,34.0,1108,100.27707581227436,22.28367103694875,122.29065743944636,1128,
fixo_proporcional,fora_pico,10,10010,46.39981949458484,163.29999999999973,439.0,31.0,1070,98.90747663551402,21.87765293383271,110.38110749185668,1108,
fixo_proporcional,fora_pico,11,10011,49.26126126126126,199.0,498.0,38.0,1067,99.98406747891283,20.854636591478698,121.91666666666667,1110,
fixo_proporcional,fora_pico,12,10012,61.11141804788214,253.5,531.0,39.0,1059,115.87535410764872,21.826030927835053,159.4516129032258,1086,
fixo_proporcional,fora_pico,13,10013,57.00185356811863,305.0999999999999,528.0,40.0,1051,112.07231208372978,20.3503937007874,145.10410094637223,1079,
fixo_proporcional,fora_pico,14,10014,48.25,220.0,386.0,34.0,1046,99.41300191204589,21.429286608260327,121.38907849829351,1092,
fixo_proporcional,fora_pico,15,10015,50.54971319311664,207.0,407.0,32.0,1018,103.41257367387034,22.059366754617415,125.53472222222223,1046,
fixo_proporcional,fora_pico,16,10016,64.84834558823529,301.0,458.0,47.0,1028,115.26070038910505,21.870801033591732,170.78662420382165,1088,
fixo_proporcional,fora_pico,17,10017,56.68299198575245,216.89999999999986,528.0,42.0,1071,104.39589169000934,22.382685069008783,140.53987730061348,1123,
fixo_proporcional,fora_pico,18,10018,38.56869881710646,130.49999999999955,311.0,28.0,1078,89.20500927643785,22.325925925925926,84.09342560553634,1099,
fixo_proporcional,fora_pico,19,10019,47.06711409395973,193.0,303.0,28.0,1015,97.84137931034483,21.959317585301836,115.15302491103203,1043,
atuado_gap,fora_pico,0,10000,113.19649446494465,375.6999999999998,688.0,88.0,1018,162.17190569744596,65.17211055276383,245.93055555555554,1084,
atuado_gap,fora_pico,1,10001,140.3377358490566,614.0999999999999,984.0,84.0,979,197.69867211440246,58.22709677419355,363.62105263157895,1060,
atuado_gap,fora_pico,2,10002,180.98089171974522,842.099999999999,1206.0,114.0,1010,207.0019801980198,63.401468788249694,521.6276595744681,1099,
atuado_gap,fora_pico,3,10003,164.54154727793696,899.3999999999992,1127.0,108.0,941,227.91392136025505,58.47905759162304,450.87279151943466,1047,
atuado_gap,fora_pico,4,10004,132.3286252354049,593.8999999999999,847.0,88.0,997,185.60481444332999,60.88703465982028,328.982332155477,1062,
atuado_gap,fora_pico,5,10005,152.65287769784172,672.45,1108.0,104.0,1036,203.30791505791507,62.73012048192771,417.3191489361702,1112,
atuado_gap,fora_pico,6,10006,115.39688041594454,456.44999999999936,776.0,83.0,1088,169.04595588235293,64.7923875432526,268.2682926829268,1154,
atuado_gap,fora_pico,7,10007,205.07326732673266,1057.2999999999997,1313.0,118.0,909,236.07480748074806,58.79155672823219,645.0793650793651,1010,
atuado_gap,fora_pico,8,10008,125.37338262476895,478.3500000000006,830.0,79.0,1024,177.6240234375,62.07259073842303,304.09187279151945,1082,
atuado_gap,fora_pico,9,10009,153.86081560283688,625.5999999999995,896.0,101.0,1073,207.57595526561045,59.51489868891537,427.75778546712803,1128,
atuado_gap,fora_pico,10,10010,133.61488970588235,689.5999999999995,1013.0,105.0,994,169.80382293762577,58.26092384519351,343.9233449477352,1088,
atuado_gap,fora_pico,11,10011,136.6552346570397,506.0,817.0,103.0,1020,181.85294117647058,60.74812030075188,332.0548387096774,1108,
atuado_gap,fora_pico,12,10012,178.2070895522388,777.0,1058.0,112.0,996,237.17670682730923,63.93298969072165,477.7905405405405,1072,
atuado_gap,fora_pico,13,10013,154.36923076923077,917.5499999999995,1496.0,95.0,947,200.78352692713833,60.73490813648294,411.021582733813,1040,
atuado_gap,fora_pico,14,10014,152.66357738646894,655.0,932.0,94.0,996,196.79016064257027,61.25031289111389,413.51785714285717,1079,
atuado_gap,fora_pico,15,10015,176.9389534883721,761.8999999999999,1240.0,109.0,942,210.60191082802547,60.278364116094984,499.6715328467153,1032,
atuado_gap,fora_pico,16,10016,146.912839737582,665.4999999999997,1163.0,115.0,966,180.9616977225673,57.45478036175711,383.22866894197955,1067,
atuado_gap,fora_pico,17,10017,137.62218214607753,642.1999999999998,1115.0,114.0,1026,183.65107212475633,59.672521957340024,336.7435897435897,1109,
atuado_gap,fora_pico,18,10018,97.19654231119199,317.1999999999998,740.0,90.0,1037,143.3519768563163,60.10987654320988,201.14186851211073,1099,
atuado_gap,fora_pico,19,10019,157.40747842761266,680.9,903.0,93.0,976,220.01741803278688,61.76902887139108,416.7544483985765,1043,
max_pressure,fora_pico,0,10000,388.2556818181818,1667.25,3086.0,231.0,818,322.46088019559903,380.0012936610608,410.80212014134275,1056,
max_pressure,fora_pico,1,10001,581.3368644067797,1894.7999999999975,3515.0,255.0,692,452.36560693641616,510.28864569083447,825.169014084507,944,
max_pressure,fora_pico,2,10002,553.7325227963526,2160.2999999999993,3534.0,256.0,765,452.25882352941176,483.8845654993515,803.050925925926,987,
max_pressure,fora_pico,3,10003,573.304979253112,2073.449999999993,3451.0,253.0,711,527.2081575246132,517.6857142857143,751.82096069869,964,
max_pressure,fora_pico,4,10004,375.50686274509803,1804.4999999999995,2465.0,199.0,824,387.27912621359224,368.1498673740053,396.3609022556391,1020,
max_pressure,fora_pico,5,10005,518.199,2040.4999999999995,3516.0,255.0,748,373.3355614973262,455.65696202531643,753.4761904761905,1000,
max_pressure,fora_pico,6,10006,358.6125,1548.1999999999998,3114.0,236.0,898,317.6971046770601,337.01889020070837,425.6080586080586,1120,
max_pressure,fora_pico,7,10007,574.7035069075451,2140.0,3532.0,255.0,692,481.6300578034682,520.3291492329149,748.75,941,
max_pressure,fora_pico,8,10008,698.047619047619,2757.0,3509.0,256.0,633,432.06319115323856,532.9379947229552,1707.3467741935483,882,
max_pressure,fora_pico,9,10009,613.052740434333,2264.2,3577.0,256.0,717,480.40306834030685,485.35839598997495,1216.0118343195265,967,
max_pressure,fora_pico,10,10010,343.4467680608365,1374.4499999999985,2535.0,243.0,806,311.7692307692308,300.6140350877193,478.01574803149606,1052,
max_pressure,fora_pico,11,10011,430.7968164794008,1814.9499999999998,3473.0,244.0,815,368.3276073619632,432.3219895287958,426.9638157894737,1068,
max_pressure,fora_pico,12,10012,589.0568769389865,2197.499999999999,3567.0,255.0,735,539.9210884353741,529.2148648648649,784.136563876652,967,
max_pressure,fora_pico,13,10013,446.3373983739837,1961.6999999999998,3547.0,222.0,796,348.06909547738695,435.2955801104972,477.0846153846154,984,
max_pressure,fora_pico,14,10014,552.7259259259259,2115.3999999999987,3377.0,256.0,688,409.4970930232558,463.5151915455746,911.9414893617021,945,
max_pressure,fora_pico,15,10015,466.42540322580646,1857.6999999999982,3290.0,245.0,748,376.9465240641711,449.2980769230769,513.655303030303,992,
max_pressure,fora_pico,16,10016,465.07577268195416,1797.5999999999985,3556.0,249.0,755,415.62516556291393,430.6059379217274,562.5648854961833,1003,
max_pressure,fora_pico,17,10017,371.4471468662301,1301.1999999999994,2734.0,248.0,830,340.33734939759034,355.6869340232859,412.60472972972974,1069,
max_pressure,fora_pico,18,10018,319.7712418300654,1230.0,2631.0,225.0,843,280.57888493475684,299.8523153942428,378.28308823529414,1071,
max_pressure,fora_pico,19,10019,565.6206521739131,2171.5999999999995,3512.0,256.0,672,414.2752976190476,485.4095890410959,873.8,920,
dqn,fora_pico,0,10000,107.38284132841328,533.0,828.0,67.0,1035,166.97101449275362,17.939698492462313,354.59375,1084,7
dqn,fora_pico,1,10001,164.9670542635659,798.1499999999995,1266.0,81.0,952,210.36974789915968,26.22967741935484,583.3385214007782,1032,7
dqn,fora_pico,2,10002,159.34977578475338,708.0,925.0,92.0,1041,216.53218059558117,26.148102815177477,524.5369127516778,1115,7
dqn,fora_pico,3,10003,141.57769304099142,639.1999999999998,904.0,76.0,971,203.23995880535531,26.717277486910994,449.4842105263158,1049,7
dqn,fora_pico,4,10004,136.44401913875598,705.1999999999998,938.0,75.0,971,184.8043254376931,22.973042362002566,468.7518796992481,1045,7
dqn,fora_pico,5,10005,143.95053956834533,791.4000000000005,1138.0,85.0,1029,205.58892128279882,18.66144578313253,512.7092198581561,1112,7
dqn,fora_pico,6,10006,149.7642980935875,719.4999999999991,1346.0,95.0,1089,218.44719926538107,30.918108419838525,508.78745644599303,1154,7
dqn,fora_pico,7,10007,213.9918533604888,1061.6999999999996,1375.0,92.0,895,224.5340782122905,26.13588390501319,849.6830357142857,982,7
dqn,fora_pico,8,10008,179.23661971830987,960.8,1426.0,100.0,971,235.39752832131822,41.69336670838548,592.3834586466165,1065,7
dqn,fora_pico,9,10009,144.38741134751774,721.6499999999999,1133.0,86.0,1068,214.3426966292135,25.107270560190702,490.6712802768166,1128,7
dqn,fora_pico,10,10010,148.85674931129478,742.7999999999997,943.0,84.0,988,187.7419028340081,19.883895131086142,507.5625,1089,7
dqn,fora_pico,11,10011,165.18828828828828,794.55,1117.0,90.0,1044,243.2375478927203,27.165413533834588,518.2083333333334,1110,7
dqn,fora_pico,12,10012,160.7568075117371,821.3999999999994,1337.0,90.0,978,215.71063394683026,23.78221649484536,528.5501730103806,1065,7
dqn,fora_pico,13,10013,169.7905027932961,793.0,1033.0,87.0,998,233.74749498997997,25.92257217847769,521.1602564102565,1074,7
dqn,fora_pico,14,10014,171.7172478793591,852.0,1238.0,85.0,963,216.08203530633438,20.449311639549435,633.0267175572519,1061,7
dqn,fora_pico,15,10015,123.68546845124283,529.75,783.0,74.0,988,192.73582995951418,24.1688654353562,385.6076388888889,1046,7
dqn,fora_pico,16,10016,182.8462255358807,906.0,1448.0,87.0,980,248.7051020408163,23.087855297157624,596.4013377926422,1073,7
dqn,fora_pico,17,10017,175.58861940298507,831.4499999999999,1275.0,89.0,986,190.16937119675455,21.823086574654955,621.2290909090909,1072,7
dqn,fora_pico,18,10018,154.43160813308688,791.3000000000006,1185.0,81.0,1011,209.68447082096932,21.002469135802468,551.7757352941177,1082,7
dqn,fora_pico,19,10019,145.38491295938104,728.6999999999998,1041.0,74.0,965,199.45906735751296,23.650918635170605,486.41911764705884,1034,7
dqn,fora_pico,0,10000,112.32564575645756,525.3999999999996,785.0,80.0,1023,170.9745845552297,43.78643216080402,301.7604166666667,1084,42
dqn,fora_pico,1,10001,153.69121813031163,519.0999999999999,1073.0,138.0,923,214.06608884073674,65.81032258064516,393.50704225352115,1059,42
dqn,fora_pico,2,10002,133.03801945181254,571.0,887.0,86.0,1055,189.6872037914692,42.48470012239902,368.6496815286624,1131,42
dqn,fora_pico,3,10003,128.68285714285713,553.55,972.0,89.0,990,194.28787878787878,44.67931937172775,353.0839160839161,1050,42
dqn,fora_pico,4,10004,134.06952380952382,545.6499999999999,902.0,106.0,935,174.95401069518718,50.12965340179718,375.3579335793358,1050,42
dqn,fora_pico,5,10005,116.26708633093526,460.8000000000002,620.0,88.0,1069,179.79139382600562,46.70361445783133,321.01063829787233,1112,42
dqn,fora_pico,6,10006,126.76689774696708,578.0499999999997,939.0,95.0,1090,189.31743119266056,46.7762399077278,368.411149825784,1154,42
dqn,fora_pico,7,10007,160.8061797752809,649.3,1299.0,89.0,984,241.7012195121951,47.36543535620053,438.18709677419355,1068,42
dqn,fora_pico,8,10008,133.75138632162663,588.5500000000004,988.0,97.0,1024,194.09375,53.8360450563204,359.3780918727915,1082,42
dqn,fora_pico,9,10009,109.34042553191489,406.0,666.0,60.0,1072,164.79664179104478,42.578069129916564,303.15916955017303,1128,42
dqn,fora_pico,10,10010,132.9573115349682,577.0,816.0,89.0,1007,182.22045680238332,34.188514357053684,396.67,1101,42
dqn,fora_pico,11,10011,270.6927927927928,825.1999999999998,1192.0,194.0,939,355.1895633652822,200.87593984962405,449.2628205128205,1110,42
dqn,fora_pico,12,10012,157.00280636108513,621.5999999999999,1107.0,92.0,976,201.88934426229508,49.652061855670105,441.3174061433447,1069,42
dqn,fora_pico,13,10013,107.32437442075997,382.1999999999998,494.0,61.0,1039,172.18671799807507,34.55774278215223,282.2397476340694,1079,42
dqn,fora_pico,14,10014,173.2507042253521,851.8,1392.0,95.0,958,214.07828810020877,60.913642052565706,510.6842105263158,1065,42
dqn,fora_pico,15,10015,110.66921606118547,403.75,627.0,62.0,989,170.01314459049544,43.20448548812665,288.2326388888889,1046,42
dqn,fora_pico,16,10016,121.62959558823529,544.5999999999995,781.0,75.0,1016,187.4990157480315,49.47803617571059,299.4808917197452,1088,42
dqn,fora_pico,17,10017,138.31967943009795,515.0,873.0,85.0,1041,206.59654178674353,45.234629861982434,365.89263803680984,1123,42
dqn,fora_pico,18,10018,175.16956920256646,707.0,1358.0,113.0,994,243.3993963782696,75.0679012345679,463.7188612099644,1091,42
dqn,fora_pico,19,10019,134.24568138195778,524.9499999999999,912.0,92.0,970,188.88865979381444,48.544619422572175,367.475,1042,42
dqn,fora_pico,0,10000,115.4769372693727,447.8499999999999,659.0,80.0,997,171.41524573721165,55.528894472361806,281.1666666666667,1084,123
dqn,fora_pico,1,10001,216.0114503816794,701.9499999999995,1177.0,173.0,907,282.98787210584345,128.1225806451613,465.5128205128205,1048,123
dqn,fora_pico,2,10002,182.1887800534283,576.8999999999999,898.0,128.0,992,235.02217741935485,86.8249694002448,436.80392156862746,1123,123
dqn,fora_pico,3,10003,137.8552380952381,533.55,782.0,91.0,977,198.36438075742066,61.62041884816754,341.5034965034965,1050,123
dqn,fora_pico,4,10004,161.06118546845124,629.0,971.0,139.0,902,196.6019955654102,82.41720154043645,390.51310861423224,1046,123
dqn,fora_pico,5,10005,135.95053956834533,613.7000000000003,910.0,129.0,1004,198.22509960159363,49.78915662650602,389.54609929078015,1112,123
dqn,fora_pico,6,10006,141.9991334488735,543.3499999999999,918.0,87.0,1082,205.88817005545286,57.17877739331026,398.23344947735194,1154,123
dqn,fora_pico,7,10007,177.58426966292134,590.0499999999996,843.0,107.0,993,260.24672708962737,73.26912928759894,432.6516129032258,1068,123
dqn,fora_pico,8,10008,145.22735674676525,590.95,833.0,79.0,1019,210.99214916584887,42.988735919899874,433.8798586572438,1082,123
dqn,fora_pico,9,10009,139.2677304964539,501.9499999999996,693.0,91.0,1077,204.92757660167132,63.29558998808105,359.8235294117647,1128,123
dqn,fora_pico,10,10010,137.813698630137,641.3,801.0,106.0,979,185.32277834525024,42.23720349563046,398.2108843537415,1095,123
dqn,fora_pico,11,10011,155.94324324324324,561.3999999999996,829.0,96.0,1020,223.6362745098039,63.81328320802005,391.5833333333333,1110,123
dqn,fora_pico,12,10012,153.99171270718233,543.75,855.0,90.0,1012,223.95256916996047,62.54381443298969,382.90645161290325,1086,123
dqn,fora_pico,13,10013,121.94253938832252,436.1999999999998,676.0,79.0,1038,188.48554913294797,62.688976377952756,264.3753943217666,1079,123
dqn,fora_pico,14,10014,153.32509157509156,571.8000000000002,1026.0,94.0,990,219.77878787878788,49.95369211514393,435.2150170648464,1092,123
dqn,fora_pico,15,10015,160.65200764818357,574.75,759.0,89.0,956,229.9058577405858,63.96306068601583,415.13194444444446,1046,123
dqn,fora_pico,16,10016,143.4034926470588,577.6499999999999,881.0,91.0,1003,214.26719840478563,44.28036175710594,387.7388535031847,1088,123
dqn,fora_pico,17,10017,141.61709706144256,575.7999999999984,901.0,106.0,1036,208.8600386100386,53.60100376411543,356.79754601226995,1123,123
dqn,fora_pico,18,10018,156.11192660550458,547.55,1046.0,180.0,933,193.2443729903537,85.45061728395062,360.525,1090,123
dqn,fora_pico,19,10019,163.65388302972195,577.8,822.0,103.0,938,216.80597014925374,73.21128608923884,408.9110320284698,1043,123
dqn,fora_pico,0,10000,193.80635551142007,1156.099999999999,2078.0,92.0,920,153.6271739130435,37.0213567839196,785.2796208530806,1007,777
dqn,fora_pico,1,10001,206.99159663865547,1779.8999999999999,2504.0,94.0,865,118.6635838150289,24.846451612903227,1004.5197740112994,952,777
dqn,fora_pico,2,10002,235.5910973084886,2133.75,2800.0,97.0,880,116.7125,30.496940024479805,1360.1677852348994,966,777
dqn,fora_pico,3,10003,231.25501113585747,2295.75,3042.0,85.0,811,83.07151664611591,13.75916230366492,1471.3059701492537,898,777
dqn,fora_pico,4,10004,186.9625615763547,980.7999999999997,1617.0,107.0,932,188.06223175965664,93.7599486521181,494.6101694915254,1015,777
dqn,fora_pico,5,10005,147.89181561618062,851.6999999999997,1629.0,86.0,975,136.17128205128205,20.96385542168675,600.0386266094421,1063,777
dqn,fora_pico,6,10006,239.16089613034623,2585.9499999999985,3249.0,99.0,894,82.21812080536913,26.046136101499425,1845.8608695652174,982,777
dqn,fora_pico,7,10007,267.3251670378619,2097.15,2922.0,104.0,810,142.83703703703705,44.98153034300792,1471.1571428571428,898,777
dqn,fora_pico,8,10008,202.79369918699186,1669.0499999999988,2381.0,94.0,897,129.59977703455965,29.499374217772214,951.2378378378378,984,777
dqn,fora_pico,9,10009,260.46861471861473,2943.9499999999994,3465.0,85.0,838,58.256563245823386,10.932061978545889,2723.541176470588,924,777
dqn,fora_pico,10,10010,274.2474690663667,2999.599999999998,3545.0,87.0,794,57.39294710327456,9.930087390761548,2680.1363636363635,889,777
dqn,fora_pico,11,10011,156.94414414414413,812.3499999999992,1063.0,95.0,1050,235.75809523809525,36.76065162907268,464.33653846153845,1110,777
dqn,fora_pico,12,10012,198.1167355371901,1594.7999999999997,2166.0,94.0,885,129.53898305084746,24.61855670103093,899.3385416666666,968,777
dqn,fora_pico,13,10013,220.17259978425028,2070.7,2702.0,85.0,838,98.5346062052506,15.354330708661417,1166.060606060606,927,777
dqn,fora_pico,14,10014,295.8809261300992,2674.2999999999993,3377.0,189.0,818,129.70293398533008,73.59574468085107,1940.3796296296296,907,777
dqn,fora_pico,15,10015,248.34522439585731,2396.3999999999996,3017.0,85.0,779,78.83440308087292,14.236147757255937,1847.036036036036,869,777
dqn,fora_pico,16,10016,268.6696935300794,2626.0,3419.0,85.0,793,82.95838587641866,28.873385012919897,2003.271028037383,881,777
dqn,fora_pico,17,10017,258.53922651933703,2792.9999999999995,3402.0,89.0,819,68.60805860805861,15.383939774153074,2052.935185185185,905,777
dqn,fora_pico,18,10018,255.93798449612405,2765.8,3456.0,91.0,822,67.2919708029197,19.881481481481483,2311.9139784946237,903,777
dqn,fora_pico,19,10019,233.2340425531915,2240.7999999999993,2954.0,85.0,807,90.35068153655514,15.686351706036746,1498.6641221374045,893,777
dqn,fora_pico,0,10000,69.79059040590406,409.6999999999998,687.0,48.0,1030,123.15728155339806,16.51005025125628,217.05208333333334,1084,2024
dqn,fora_pico,1,10001,157.8953488372093,971.3499999999998,1402.0,91.0,964,219.32261410788382,37.51225806451613,520.9182879377432,1032,2024
dqn,fora_pico,2,10002,111.63799283154121,559.25,1069.0,78.0,1046,148.5095602294455,30.347613219094246,333.75919732441474,1116,2024
dqn,fora_pico,3,10003,152.24190476190475,689.0999999999999,1393.0,91.0,946,220.20084566596194,45.95026178010471,436.1818181818182,1050,2024
dqn,fora_pico,4,10004,86.29530201342281,406.5999999999999,1105.0,70.0,971,113.75077239958806,23.797175866495508,270.7121212121212,1043,2024
dqn,fora_pico,5,10005,82.35881294964028,367.45000000000005,648.0,59.0,1079,141.37071362372566,28.557831325301205,240.70921985815602,1112,2024
dqn,fora_pico,6,10006,109.79232111692845,657.75,1028.0,87.0,1062,149.7702448210923,26.643598615916954,368.17921146953404,1146,2024
dqn,fora_pico,7,10007,286.8325404376784,864.0,1405.0,188.0,871,381.8427095292767,202.9142480211082,503.93174061433444,1051,2024
dqn,fora_pico,8,10008,127.930426716141,633.4999999999998,1143.0,90.0,995,174.94773869346733,36.829787234042556,388.82437275985666,1078,2024
dqn,fora_pico,9,10009,157.1251109139308,750.7,1127.0,95.0,1027,226.17234664070108,47.69606674612634,475.91319444444446,1127,2024
dqn,fora_pico,10,10010,121.08754512635379,395.8999999999992,934.0,92.0,1064,188.2640977443609,71.19975031210986,251.25081433224756,1108,2024
dqn,fora_pico,11,10011,97.92432432432433,479.0999999999999,936.0,86.0,1051,158.74215033301618,28.174185463659146,276.32371794871796,1110,2024
dqn,fora_pico,12,10012,132.64147465437787,654.5999999999999,975.0,82.0,1001,192.16983016983016,34.12242268041237,380.05501618122975,1085,2024
dqn,fora_pico,13,10013,161.10244360902254,620.0,1096.0,101.0,994,216.56338028169014,59.00787401574803,418.70529801324506,1064,2024
dqn,fora_pico,14,10014,230.16666666666666,849.2499999999993,1350.0,185.0,879,273.6063708759954,123.26408010012516,570.4661354581673,1050,2024
dqn,fora_pico,15,10015,107.33078393881453,489.5,947.0,78.0,975,158.38358974358974,30.33509234828496,309.9791666666667,1046,2024
dqn,fora_pico,16,10016,162.85202205882354,723.5999999999995,1076.0,93.0,1018,238.96954813359528,48.0671834625323,445.7929936305732,1088,2024
dqn,fora_pico,17,10017,106.73642030276046,470.0,967.0,83.0,1067,167.5688847235239,28.730238393977416,297.4447852760736,1123,2024
dqn,fora_pico,18,10018,168.93709528214617,693.0,1462.0,96.0,988,230.46862348178138,45.19259259259259,538.8007380073801,1081,2024
dqn,fora_pico,19,10019,159.5397890699904,687.9,1184.0,91.0,964,231.45850622406638,52.51574803149607,449.7615658362989,1043,2024
fixo_igual,balanceado,0,10000,144.18679119412943,509.0999999999999,622.0,89.0,1394,216.8945480631277,36.09182643794147,355.0570866141732,1499,
fixo_igual,balanceado,1,10001,147.72442019099591,503.75,605.0,90.0,1368,228.3530701754386,36.97942386831276,365.6275303643725,1466,
fixo_igual,balanceado,2,10002,153.1351724137931,617.55,803.0,89.0,1348,228.89317507418397,37.45009784735812,429.3738317757009,1450,
fixo_igual,balanceado,3,10003,155.0301331464611,598.4000000000001,827.0,89.0,1318,241.59256449165403,36.986828774062815,419.82272727272726,1427,
fixo_igual,balanceado,4,10004,159.81695156695156,657.7999999999993,862.0,88.0,1304,229.69248466257667,37.340793489318415,445.78859857482183,1404,
fixo_igual,balanceado,5,10005,148.44111640571816,578.0,882.0,93.0,1362,226.00881057268722,38.19760479041916,384.98072805139185,1469,
fixo_igual,balanceado,6,10006,144.4720974983964,518.0,653.0,94.0,1460,221.48150684931508,37.486136783733826,387.1530398322851,1559,
fixo_igual,balanceado,7,10007,161.70240700218818,627.0,931.0,91.0,1266,239.6477093206951,36.35227272727273,462.79156327543427,1371,
fixo_igual,balanceado,8,10008,143.40706806282722,501.0,784.0,90.0,1434,221.99511854951186,37.375247524752474,350.14864864864865,1528,
fixo_igual,balanceado,9,10009,154.57182130584192,615.0,914.0,88.0,1353,238.78270509977827,36.95292987512008,450.32367149758454,1455,
fixo_igual,balanceado,10,10010,146.23866666666666,513.0,709.0,87.0,1396,224.304441260745,35.783,367.15,1500,
fixo_igual,balanceado,11,10011,154.4355062413315,557.3000000000006,801.0,88.0,1339,238.22255414488424,35.75075376884422,418.6219239373602,1442,
fixo_igual,balanceado,12,10012,160.50609318996416,644.0,899.0,90.0,1306,241.22434915773354,36.763561924257935,449.73205741626793,1395,
fixo_igual,balanceado,13,10013,151.91242937853107,638.0,850.0,87.0,1308,234.30351681957185,35.94807892004154,398.4326710816777,1416,
fixo_igual,balanceado,14,10014,147.53337783711615,541.1499999999999,720.0,91.0,1390,222.60719424460433,37.065493646138805,385.44631578947366,1498,
fixo_igual,balanceado,15,10015,160.7742170429716,610.0,793.0,89.0,1277,238.41660140955364,36.58129649309245,431.2962962962963,1373,
fixo_igual,balanceado,16,10016,145.84640957446808,442.5499999999997,594.0,88.0,1397,223.3951324266285,37.18079673135853,348.4819047619048,1504,
fixo_igual,balanceado,17,10017,150.60095173351462,542.5,816.0,88.0,1377,233.9353667392883,36.98894472361809,388.0882352941176,1471,
fixo_igual,balanceado,18,10018,152.51642208245983,632.0,883.0,88.0,1342,226.38077496274218,36.96582914572864,416.2155963302752,1431,
fixo_igual,balanceado,19,10019,157.56392045454547,597.6499999999999,723.0,88.0,1309,237.598166539343,37.29664570230608,410.284140969163,1408,
fixo_proporcional,balanceado,0,10000,140.37708194536975,547.0,676.0,89.0,1408,207.39985795454547,30.578203834510596,353.7313725490196,1501,
fixo_proporcional,balanceado,1,10001,141.1382765531062,483.8000000000002,670.0,90.0,1399,218.33881343817012,33.708847736625515,340.0361904761905,1497,
fixo_proporcional,balanceado,2,10002,147.0225102319236,604.0,970.0,89.0,1378,215.7844702467344,34.0812133072407,406.990990990991,1466,
fixo_proporcional,balanceado,3,10003,155.36318407960198,661.4000000000001,876.0,86.0,1314,231.49010654490107,30.344478216818644,449.15714285714284,1407,
fixo_proporcional,balanceado,4,10004,161.41985815602837,646.6499999999999,1019.0,98.0,1319,224.60500379075057,39.923702950152595,441.11709601873537,1410,
fixo_proporcional,balanceado,5,10005,140.4258886653253,634.0,961.0,88.0,1398,209.6587982832618,31.20758483033932,364.22290388548055,1491,
fixo_proporcional,balanceado,6,10006,138.9306868304978,541.6999999999998,679.0,89.0,1494,210.8259705488621,35.94639556377079,359.58217821782176,1587,
fixo_proporcional,balanceado,7,10007,157.4,652.9999999999998,1053.0,86.0,1294,228.76816074188562,32.622933884297524,447.0503597122302,1385,
fixo_proporcional,balanceado,8,10008,133.48162230671736,465.0,859.0,89.0,1488,206.26209677419354,33.95445544554455,310.4577464788732,1578,
fixo_proporcional,balanceado,9,10009,151.1386612021858,646.0,887.0,91.0,1372,229.59620991253644,32.44092219020173,443.2529550827423,1464,
fixo_proporcional,balanceado,10,10010,139.4737532808399,526.8499999999999,782.0,85.0,1420,213.0556338028169,30.502,347.4351145038168,1524,
fixo_proporcional,balanceado,11,10011,150.65145228215766,565.0,773.0,85.0,1351,229.39156180606957,30.839195979899497,414.98226164079824,1446,
fixo_proporcional,balanceado,12,10012,159.16175413371676,695.5,993.0,88.0,1301,232.19600307455804,32.73694984646878,457.512077294686,1391,
fixo_proporcional,balanceado,13,10013,151.74378992193044,681.0,970.0,88.0,1310,228.02137404580154,32.345794392523366,409.5470852017937,1409,
fixo_proporcional,balanceado,14,10014,135.73691014867487,545.6999999999998,797.0,89.0,1444,203.90858725761774,32.178885630498534,337.912213740458,1547,
fixo_proporcional,balanceado,15,10015,158.1494584837545,561.0,750.0,87.0,1297,230.85119506553585,35.623804463336874,417.8265765765766,1385,
fixo_proporcional,balanceado,16,10016,138.4502617801047,466.64999999999986,677.0,88.0,1431,209.69322152341022,32.72931562819203,326.976320582878,1528,
fixo_proporcional,balanceado,17,10017,147.118163403106,567.0,906.0,88.0,1381,224.7103548153512,33.196984924623116,380.35185185185185,1481,
fixo_proporcional,balanceado,18,10018,146.1994459833795,664.3999999999996,880.0,90.0,1358,214.65684830633285,31.47638190954774,400.42984409799556,1444,
fixo_proporcional,balanceado,19,10019,152.77964912280703,563.8,813.0,91.0,1335,229.9805243445693,34.07651991614256,393.21019108280257,1425,
atuado_gap,balanceado,0,10000,205.26568265682656,920.5999999999999,1204.0,138.0,1228,263.58631921824104,69.48738647830474,574.9258241758242,1355,
atuado_gap,balanceado,1,10001,208.21995464852608,941.8999999999999,1335.0,132.0,1211,272.8992568125516,65.06687242798354,604.6438746438746,1323,
atuado_gap,balanceado,2,10002,212.02996254681648,978.0999999999997,1375.0,147.0,1214,260.8673805601318,68.62720156555773,680.2651757188498,1335,
atuado_gap,balanceado,3,10003,231.95218800648297,1267.5499999999988,1638.0,147.0,1112,294.1025179856115,67.45086119554205,889.2914979757085,1234,
atuado_gap,balanceado,4,10004,224.09508716323296,1140.9,1543.0,136.0,1149,263.89382071366407,65.4354018311292,783.100358422939,1262,
atuado_gap,balanceado,5,10005,204.08444444444444,951.1999999999998,1353.0,136.0,1226,252.5758564437194,65.51896207584831,603.0574712643678,1350,
atuado_gap,balanceado,6,10006,203.5689045936396,930.3999999999996,1304.0,148.0,1319,260.75587566338135,68.0101663585952,644.033033033033,1415,
atuado_gap,balanceado,7,10007,226.91159772911598,1153.799999999999,2122.0,131.0,1111,295.7677767776778,63.91942148760331,822.2943396226415,1233,
atuado_gap,balanceado,8,10008,205.64944649446494,929.0,1715.0,147.0,1237,273.33791430881166,64.87326732673267,617.7768115942029,1355,
atuado_gap,balanceado,9,10009,217.86259541984734,1243.099999999999,1697.0,132.0,1210,272.27355371900825,63.91738712776177,813.6133828996283,1310,
atuado_gap,balanceado,10,10010,200.03829479768785,839.6999999999998,1192.0,138.0,1244,261.15836012861735,63.901,554.5625,1384,
atuado_gap,balanceado,11,10011,217.04961240310078,981.1499999999994,1274.0,132.0,1167,272.5852613538989,61.66130653266332,741.1559322033899,1290,
atuado_gap,balanceado,12,10012,225.7787470261697,1127.0,1806.0,140.0,1172,265.72610921501706,65.92630501535312,775.693661971831,1261,
atuado_gap,balanceado,13,10013,220.7540192926045,1296.6999999999998,1848.0,128.0,1126,274.83658969804617,61.38006230529595,766.9359430604982,1244,
atuado_gap,balanceado,14,10014,202.7334304442826,998.3999999999999,1384.0,140.0,1257,271.1742243436754,65.7781036168133,603.0342857142857,1373,
atuado_gap,balanceado,15,10015,225.48381877022655,1107.5,1299.0,128.0,1146,275.80802792321117,65.68331562167907,735.2203389830509,1236,
atuado_gap,balanceado,16,10016,212.47475508666165,912.9000000000003,1251.0,135.0,1228,270.7190553745928,67.20224719101124,621.1580459770115,1327,
atuado_gap,balanceado,17,10017,218.7969111969112,1144.3,1780.0,137.0,1188,277.24410774410774,63.66834170854271,733.3066666666666,1295,
atuado_gap,balanceado,18,10018,213.61265432098764,1072.0,1504.0,131.0,1171,257.4056362083689,65.58190954773869,702.9501661129568,1296,
atuado_gap,balanceado,19,10019,224.18020917135962,972.7999999999997,1737.0,127.0,1122,282.469696969697,63.196016771488466,755.5951557093425,1243,
max_pressure,balanceado,0,10000,686.1394460362942,3182.4999999999995,3558.0,256.0,784,401.30229591836735,515.395399780942,1849.4925373134329,1047,
max_pressure,balanceado,1,10001,706.246,3220.2999999999997,3511.0,256.0,740,426.3162162162162,513.0889639639639,2237.7053571428573,1000,
max_pressure,balanceado,2,10002,635.8987108655617,3020.25,3533.0,256.0,832,389.91947115384613,470.13607594936707,1774.6159420289855,1086,
max_pressure,balanceado,3,10003,730.1027944111777,3333.0,3563.0,259.0,747,430.37884872824634,521.4440789473684,2844.511111111111,1002,
max_pressure,balanceado,4,10004,674.8634615384616,2959.2999999999997,3531.0,256.0,787,426.61245235069885,509.9552071668533,1676.6530612244899,1040,
max_pressure,balanceado,5,10005,634.3568161024702,3011.7999999999997,3515.0,256.0,841,397.7883472057075,479.9647435897436,1554.8089171974523,1093,
max_pressure,balanceado,6,10006,659.7610859728507,3324.8,3571.0,257.0,858,373.995337995338,475.2006018054162,2363.527777777778,1105,
max_pressure,balanceado,7,10007,702.310650887574,3232.0499999999997,3569.0,257.0,755,424.38543046357614,513.293659621802,2179.9304347826087,1014,
max_pressure,balanceado,8,10008,674.8180094786729,3212.8999999999996,3579.0,255.0,798,401.577694235589,498.3063646170442,1953.1484375,1055,
max_pressure,balanceado,9,10009,665.7476370510396,3312.45,3577.0,256.0,810,399.4246913580247,467.37148803329865,2631.103092783505,1058,
max_pressure,balanceado,10,10010,663.7067669172932,3195.7,3543.0,257.0,803,406.1232876712329,490.89163090128756,1883.8863636363637,1064,
max_pressure,balanceado,11,10011,713.3931034482758,3332.3,3575.0,255.0,760,432.9078947368421,509.5511982570806,2642.536082474227,1015,
max_pressure,balanceado,12,10012,658.4189315838801,2927.0,3571.0,256.0,811,412.3908754623921,503.0374862183021,1539.2375,1067,
max_pressure,balanceado,13,10013,663.2571976967371,3126.7999999999997,3547.0,257.0,786,398.2022900763359,500.0716685330347,1641.275167785235,1042,
max_pressure,balanceado,14,10014,615.1257976298997,2963.0,3566.0,256.0,842,366.97387173396675,470.81827956989247,1418.754491017964,1097,
max_pressure,balanceado,15,10015,708.4809236947791,3230.25,3547.0,256.0,745,429.13154362416105,513.4020385050962,2232.858407079646,996,
max_pressure,balanceado,16,10016,613.0462375339982,2843.7,3570.0,256.0,852,416.09507042253523,472.0872410032715,1307.989247311828,1103,
max_pressure,balanceado,17,10017,679.6332378223495,3198.3999999999996,3559.0,255.0,794,413.55541561712846,504.79868708971554,1881.1278195488721,1047,
max_pressure,balanceado,18,10018,655.19868173258,3114.85,3560.0,256.0,806,388.62158808933003,490.4528710725894,1749.158273381295,1062,
max_pressure,balanceado,19,10019,704.3918650793651,3183.95,3540.0,257.0,759,434.0882740447958,516.3333333333334,2096.025,1008,
dqn,balanceado,0,10000,236.58923766816145,3144.5,3340.0,90.0,1022,65.3522504892368,13.099899091826439,2022.7016129032259,1115,7
dqn,balanceado,1,10001,243.49446494464945,3133.649999999992,3385.0,91.0,995,68.10251256281407,13.670781893004115,2238.035714285714,1084,7
dqn,balanceado,2,10002,214.39932603201348,2212.7,2938.0,94.0,1103,110.42792384406165,14.647749510763209,1451.648484848485,1187,7
dqn,balanceado,3,10003,218.17368873602751,2174.0,2836.0,91.0,1075,121.4493023255814,20.0790273556231,1329.0795454545455,1163,7
dqn,balanceado,4,10004,220.84448305821024,2678.0,3106.0,92.0,1062,88.72504708097928,15.142421159715157,1424.4464285714287,1151,7
dqn,balanceado,5,10005,150.85744985673352,658.25,796.0,92.0,1306,221.74961715160796,23.798403193612774,473.98730964467006,1396,7
dqn,balanceado,6,10006,157.07644197359278,773.0,980.0,102.0,1340,222.84029850746268,26.46025878003697,552.9495798319327,1439,7
dqn,balanceado,7,10007,137.09583333333333,567.1499999999999,774.0,103.0,1345,216.60446096654275,32.47107438016529,351.66525423728814,1440,7
dqn,balanceado,8,10008,151.1212976022567,646.7499999999993,871.0,92.0,1326,219.80316742081448,27.34752475247525,457.5220588235294,1418,7
dqn,balanceado,9,10009,236.24165202108964,3287.2999999999997,3462.0,90.0,1048,59.26049618320611,13.005763688760807,2632.0,1138,7
dqn,balanceado,10,10010,155.75588865096358,692.0,908.0,92.0,1298,226.56009244992296,25.996,479.3466334164589,1401,7
dqn,balanceado,11,10011,154.58147882268486,761.3999999999999,943.0,92.0,1298,226.58320493066256,29.321608040201006,467.73115577889445,1393,7
dqn,balanceado,12,10012,159.32516703786192,817.7,1106.0,93.0,1251,238.04716227018386,26.040941658137154,511.26756756756754,1347,7
dqn,balanceado,13,10013,211.63862660944207,2376.8,2921.0,89.0,1072,103.25746268656717,17.698857736240914,1136.2128712871288,1165,7
dqn,balanceado,14,10014,242.75157515751576,3313.0,3476.0,91.0,1009,59.17938553022795,13.289345063538612,2910.25,1111,7
dqn,balanceado,15,10015,246.390243902439,3112.0,3302.0,87.0,980,69.98163265306123,13.815090329436769,1997.216,1066,7
dqn,balanceado,16,10016,199.14890154597234,2330.6,2648.0,90.0,1135,111.9885462555066,15.34320735444331,918.932,1229,7
dqn,balanceado,17,10017,234.25486725663717,2993.55,3329.0,95.0,1035,71.55942028985507,15.378894472361809,1847.4518518518519,1130,7
dqn,balanceado,18,10018,226.2231985940246,2798.1499999999996,3257.0,90.0,1055,76.07962085308057,14.50251256281407,1699.3846153846155,1138,7
dqn,balanceado,19,10019,159.44551519644182,709.7999999999997,1034.0,98.0,1259,245.8347895154885,28.12578616352201,476.60759493670884,1349,7
dqn,balanceado,0,10000,237.39420111042566,472.0,629.0,190.0,1425,367.83228070175437,246.06155398587285,223.76031746031745,1621,42
dqn,balanceado,1,10001,233.28157732593962,510.0,681.0,193.0,1443,357.6978516978517,250.99074074074073,206.84024577572964,1623,42
dqn,balanceado,2,10002,229.24429364589759,446.0,650.0,198.0,1442,351.3841886269071,226.8962818003914,233.25041736227044,1621,42
dqn,balanceado,3,10003,211.47277227722773,523.0,732.0,198.0,1418,333.6488011283498,215.94602851323828,204.5441640378549,1616,42
dqn,balanceado,4,10004,138.4126611957796,348.75,576.0,159.0,1532,248.72715404699738,124.24313326551373,157.6777316735823,1706,42
dqn,balanceado,5,10005,208.63173834039975,536.0,744.0,214.0,1462,330.56497948016414,218.5319361277445,193.34668721109398,1651,42
dqn,balanceado,6,10006,248.93313432835822,549.8999999999999,870.0,210.0,1472,366.0964673913044,257.7092803030303,233.96122778675283,1675,42
dqn,balanceado,7,10007,130.49940546967895,237.0,556.0,116.0,1565,251.48370607028755,115.1198347107438,151.3501400560224,1682,42
dqn,balanceado,8,10008,236.69165659008465,566.3499999999999,796.0,219.0,1463,355.3383458646617,253.74478649453823,210.1499227202473,1654,42
dqn,balanceado,9,10009,225.31556632344035,475.5,636.0,202.0,1456,342.25755494505495,228.79923150816524,219.3704918032787,1651,42
dqn,balanceado,10,10010,179.69387755102042,432.29999999999995,751.0,187.0,1525,298.34360655737703,182.837,175.2979020979021,1715,42
dqn,balanceado,11,10011,224.41676866585067,496.3499999999999,634.0,194.0,1449,352.35403726708074,236.05125628140703,206.30046948356807,1634,42
dqn,balanceado,12,10012,232.1143216080402,456.4499999999998,603.0,191.0,1411,357.6172927002126,239.22824974411463,220.8130081300813,1592,42
dqn,balanceado,13,10013,182.76927784577722,511.74999999999955,816.0,182.0,1441,298.6349757113116,191.3893048128342,171.23891273247497,1634,42
dqn,balanceado,14,10014,244.69627329192548,556.55,693.0,204.0,1414,371.9207920792079,252.39546351084812,231.59731543624162,1610,42
dqn,balanceado,15,10015,142.25959232613909,284.0,536.0,160.0,1496,257.1898395721925,132.2837407013815,155.171939477304,1668,42
dqn,balanceado,16,10016,112.86138613861387,228.0,809.0,95.0,1594,228.34818067754077,82.17364657814096,153.57046070460706,1717,42
dqn,balanceado,17,10017,184.7571770334928,401.89999999999964,554.0,193.0,1470,298.18979591836734,178.99899497487436,193.22008862629247,1672,42
dqn,balanceado,18,10018,252.08387096774194,593.1999999999998,876.0,208.0,1345,365.6840148698885,258.6577319587629,241.08965517241379,1550,42
dqn,balanceado,19,10019,181.65297363580626,445.0,625.0,201.0,1449,291.9848171152519,174.85324947589098,191.23485967503692,1631,42
dqn,balanceado,0,10000,185.57908327953518,433.0,498.0,134.0,1404,289.17236467236467,126.44904137235116,290.5931899641577,1549,123
dqn,balanceado,1,10001,180.11548556430446,401.5499999999997,544.0,134.0,1380,280.3927536231884,118.6059670781893,288.4257246376812,1524,123
dqn,balanceado,2,10002,240.58270418668496,654.2,899.0,203.0,1340,358.3134328358209,171.81409001956948,402.14942528735634,1457,123
dqn,balanceado,3,10003,314.91288696904246,702.1999999999998,915.0,204.0,1197,450.9799498746867,261.4192229038855,442.2043795620438,1389,123
dqn,balanceado,4,10004,176.59825620389,446.0,851.0,123.0,1360,279.40441176470586,104.98270600203459,315.1771653543307,1491,123
dqn,balanceado,5,10005,262.69890260631,603.0,853.0,200.0,1288,370.80357142857144,206.10279441117765,387.06140350877195,1458,123
dqn,balanceado,6,10006,165.13226205191594,409.0,622.0,130.0,1498,265.0934579439252,98.6645101663586,299.30783582089555,1618,123
dqn,balanceado,7,10007,191.83625336927224,470.39999999999964,734.0,130.0,1339,305.26512322628827,131.30165289256198,305.39728682170545,1484,123
dqn,balanceado,8,10008,144.0571249215317,405.39999999999986,556.0,118.0,1486,239.12045760430686,74.33960396039603,264.8370497427101,1593,123
dqn,balanceado,9,10009,303.3102473498233,662.3,917.0,196.0,1235,408.94736842105266,230.5494716618636,505.83422459893046,1415,123
dqn,balanceado,10,10010,164.36177036561898,447.1999999999998,567.0,132.0,1409,263.78850248403126,93.272,291.5348837209302,1559,123
dqn,balanceado,11,10011,254.9953642384106,498.0,738.0,194.0,1358,387.61561119293077,219.19396984924623,324.1650485436893,1510,123
dqn,balanceado,12,10012,183.8096532970768,489.5,759.0,135.0,1332,281.64639639639637,107.10337768679632,335.51417004048585,1471,123
dqn,balanceado,13,10013,222.79103448275862,632.0999999999999,836.0,195.0,1278,330.30281690140845,164.05503634475596,338.9363449691992,1450,123
dqn,balanceado,14,10014,221.17817225509532,484.0,769.0,192.0,1339,326.77520537714713,169.6483300589391,325.4671968190855,1521,123
dqn,balanceado,15,10015,172.12508451656524,402.1999999999998,529.0,137.0,1389,281.79985601151907,104.66950053134963,290.1096654275093,1479,123
dqn,balanceado,16,10016,228.85073627844713,479.3499999999999,669.0,193.0,1298,323.97226502311247,170.9376915219612,338.94174757281553,1494,123
dqn,balanceado,17,10017,173.07997440818937,426.89999999999986,596.0,140.0,1456,278.7465659340659,112.68040201005026,278.88556338028167,1563,123
dqn,balanceado,18,10018,223.05578512396696,639.0,891.0,193.0,1281,320.8680718188915,155.11256281407034,370.9846827133479,1452,123
dqn,balanceado,19,10019,185.84072022160666,499.09999999999945,694.0,123.0,1341,277.5749440715884,99.83333333333333,353.2918367346939,1444,123
dqn,balanceado,0,10000,194.52335766423357,1535.2499999999993,1924.0,161.0,1278,189.37480438184664,74.09889001009081,509.4063324538259,1370,777
dqn,balanceado,1,10001,233.8832116788321,3106.0,3298.0,88.0,1007,64.88977159880834,8.344650205761317,2001.8145161290322,1096,777
dqn,balanceado,2,10002,240.15855855855855,3338.95,3505.0,87.0,1022,56.72700587084149,9.49119373776908,2919.0454545454545,1110,777
dqn,balanceado,3,10003,189.75453367875647,876.8499999999999,1480.0,135.0,1454,270.39064649243466,141.91995947315095,274.51705565529625,1544,777
dqn,balanceado,4,10004,233.38888888888889,3020.0,3286.0,93.0,1029,74.11273080660835,13.253306205493388,1860.406015037594,1116,777
dqn,balanceado,5,10005,224.5660542432196,3073.0,3248.0,87.0,1051,68.02854424357754,10.893213572854291,1743.0070921985816,1143,777
dqn,balanceado,6,10006,228.47264957264957,3319.2,3550.0,89.0,1080,53.63333333333333,6.865988909426987,2953.2272727272725,1170,777
dqn,balanceado,7,10007,194.42298850574713,1786.8,1994.0,119.0,1213,171.94888705688376,57.417355371900825,587.9584569732938,1305,777
dqn,balanceado,8,10008,240.95829555757027,3304.8999999999996,3494.0,87.0,1013,55.64856860809477,7.568316831683168,2775.6236559139784,1103,777
dqn,balanceado,9,10009,217.5738684884714,2989.0,3305.0,87.0,1085,66.64516129032258,8.994236311239193,1887.8153846153846,1171,777
dqn,balanceado,10,10010,237.97209720972097,3244.0,3464.0,87.0,1008,60.23809523809524,8.451,2305.7297297297296,1111,777
dqn,balanceado,11,10011,213.72377049180326,2441.1,2756.0,122.0,1126,125.1056838365897,34.17386934673367,1007.7333333333333,1220,777
dqn,balanceado,12,10012,243.58556891766884,3245.0,3466.0,86.0,994,59.143863179074444,8.433981576253839,2452.653846153846,1081,777
dqn,balanceado,13,10013,195.4179523141655,1022.75,1456.0,154.0,1332,244.42567567567568,113.93561786085151,364.8941684665227,1426,777
dqn,balanceado,14,10014,192.42290076335877,2101.55,2351.0,125.0,1213,140.1681780708986,42.30107526881721,727.5261324041812,1310,777
dqn,balanceado,15,10015,238.34322820037104,3052.15,3227.0,94.0,989,71.80687563195147,11.107332624867162,1799.1386861313867,1078,777
dqn,balanceado,16,10016,194.57709580838323,1758.5,2051.0,126.0,1246,172.48876404494382,59.651685393258425,564.5826330532213,1336,777
dqn,balanceado,17,10017,229.59183673469389,3125.8,3318.0,87.0,1037,63.86595949855352,8.94070351758794,1892.8333333333333,1127,777
dqn,balanceado,18,10018,240.7256880733945,3279.1,3496.0,86.0,1008,55.37896825396825,8.457286432160805,2673.4315789473685,1090,777
dqn,balanceado,19,10019,245.36491557223263,3219.25,3380.0,86.0,975,62.31589743589743,9.027253668763104,2258.4553571428573,1066,777
dqn,balanceado,0,10000,265.10927573062264,547.0499999999997,752.0,204.0,1394,394.14203730272595,270.61957618567106,255.7427101200686,1574,2024
dqn,balanceado,1,10001,263.111833550065,505.14999999999986,633.0,197.0,1342,384.3874813710879,262.3755144032922,264.37632508833923,1538,2024
dqn,balanceado,2,10002,237.86357786357786,499.0,673.0,192.0,1362,351.62187958883993,216.35518590998043,279.1823308270677,1554,2024
dqn,balanceado,3,10003,235.87284345047922,596.1999999999998,850.0,203.0,1351,355.0858623242043,241.9555785123967,226.01005025125627,1565,2024
dqn,balanceado,4,10004,246.6629653821032,603.5,763.0,202.0,1351,373.44115470022206,234.36927772126145,268.7153284671533,1531,2024
dqn,balanceado,5,10005,234.09183027232424,554.0999999999999,694.0,195.0,1393,352.3697056712132,230.43912175648703,240.43500866551128,1579,2024
dqn,balanceado,6,10006,273.10819262038774,565.0,790.0,206.0,1400,400.6192857142857,259.90926099158094,299.73018867924526,1599,2024
dqn,balanceado,7,10007,281.5378266850069,601.0499999999997,756.0,199.0,1258,410.52305246422895,262.1456611570248,320.1625514403292,1454,2024
dqn,balanceado,8,10008,273.35357368753955,549.0,924.0,197.0,1373,391.99198834668607,288.414314516129,247.9881154499151,1581,2024
dqn,balanceado,9,10009,232.97827436374922,490.5,608.0,200.0,1464,362.1659836065574,223.85206532180595,249.64561403508773,1611,2024
dqn,balanceado,10,10010,217.44962686567163,491.64999999999986,680.0,191.0,1416,332.71398305084745,207.503,233.80921052631578,1608,2024
dqn,balanceado,11,10011,244.6813880126183,529.8,773.0,196.0,1418,372.54231311706627,246.70050251256282,241.27627118644068,1585,2024
dqn,balanceado,12,10012,258.7002652519894,502.0,637.0,191.0,1364,389.2096774193548,243.94779938587513,285.8436911487759,1508,2024
dqn,balanceado,13,10013,260.5292942743009,649.0,906.0,198.0,1315,386.67376425855514,263.2636655948553,256.0456942003515,1502,2024
dqn,balanceado,14,10014,267.1451822916667,570.25,727.0,204.0,1328,388.9201807228916,261.26078234704113,278.02968460111316,1536,2024
dqn,balanceado,15,10015,284.2249488752556,536.0,664.0,200.0,1264,415.55775316455697,276.5951115834219,297.8745247148289,1467,2024
dqn,balanceado,16,10016,263.57824427480915,487.0,617.0,198.0,1363,393.28980190755686,274.19203268641473,246.0556492411467,1572,2024
dqn,balanceado,17,10017,272.2151573538857,494.1999999999998,616.0,197.0,1366,397.9655929721815,272.8261306532663,271.1334519572954,1557,2024
dqn,balanceado,18,10018,271.3587322993931,614.7999999999997,800.0,204.0,1293,396.8808971384377,258.6136363636364,295.31456310679613,1483,2024
dqn,balanceado,19,10019,252.62084993359895,516.0,650.0,191.0,1323,376.0604686318972,241.38993710691824,272.03079710144925,1506,2024
fixo_igual,pico_invertido,0,10000,146.2610556348074,511.0,724.0,81.0,1303,226.623944742901,38.36497890295359,371.5594713656388,1402,
fixo_igual,pico_invertido,1,10001,140.92620689655172,523.0,699.0,82.0,1358,220.82768777614137,40.11477045908184,366.4017857142857,1450,
fixo_igual,pico_invertido,2,10002,142.9327445652174,597.45,811.0,85.0,1370,224.95912408759125,38.49903100775194,387.8772727272727,1472,
fixo_igual,pico_invertido,3,10003,144.6200963523744,518.3999999999999,795.0,87.0,1365,224.72527472527472,38.595450049455984,387.1334841628959,1453,
fixo_igual,pico_invertido,4,10004,144.65168539325842,516.8499999999999,728.0,85.0,1325,228.13509433962264,36.387797311271974,373.7352297592998,1424,
fixo_igual,pico_invertido,5,10005,142.51390820584146,524.0,623.0,83.0,1333,219.65941485371343,36.83848454636092,386.17471264367816,1438,
fixo_igual,pico_invertido,6,10006,141.31553398058253,502.95000000000005,638.0,83.0,1343,218.60014892032763,38.018367346938774,360.4307359307359,1442,
fixo_igual,pico_invertido,7,10007,144.5909090909091,527.1999999999998,809.0,87.0,1333,222.0285071267817,38.5125,361.2617021276596,1430,
fixo_igual,pico_invertido,8,10008,142.66184573002755,506.9000000000001,810.0,86.0,1356,218.47492625368733,38.16885743174924,365.86609071274296,1452,
fixo_igual,pico_invertido,9,10009,148.2590747330961,569.3999999999992,818.0,81.0,1309,229.86249045072574,36.08121827411168,411.34285714285716,1405,
fixo_igual,pico_invertido,10,10010,144.42601514108742,573.7999999999997,740.0,92.0,1336,217.6130239520958,38.697947214076244,395.96046511627907,1453,
fixo_igual,pico_invertido,11,10011,145.53715498938428,601.3999999999999,912.0,81.0,1327,222.96081386586286,35.84714003944773,424.29824561403507,1413,
fixo_igual,pico_invertido,12,10012,151.8870056497175,518.25,684.0,88.0,1329,231.31452219714072,38.62384378211716,400.6568848758465,1416,
fixo_igual,pico_invertido,13,10013,154.2086761406133,536.0,879.0,83.0,1253,230.91380686352753,35.89496717724289,409.8557919621749,1337,
fixo_igual,pico_invertido,14,10014,138.63854595336076,499.14999999999986,623.0,84.0,1362,220.12041116005875,38.33231396534149,344.9287211740042,1458,
fixo_igual,pico_invertido,15,10015,150.8011243851019,610.0,727.0,82.0,1327,229.7626224566692,38.69911504424779,431.60837438423647,1423,
fixo_igual,pico_invertido,16,10016,145.4223901098901,608.25,814.0,82.0,1354,226.72156573116692,37.23009708737864,407.01408450704224,1456,
fixo_igual,pico_invertido,17,10017,143.78395061728395,518.0,720.0,85.0,1354,223.40694239290988,38.61561561561562,372.67973856209153,1458,
fixo_igual,pico_invertido,18,10018,145.65030674846625,604.0,909.0,84.0,1381,228.7067342505431,37.91738712776177,408.9131455399061,1467,
fixo_igual,pico_invertido,19,10019,158.63131313131314,688.75,881.0,95.0,1297,244.78026214340787,40.97286432160804,458.04347826086956,1386,
fixo_proporcional,pico_invertido,0,10000,146.16358463726885,500.75,793.0,88.0,1317,220.20652999240698,38.424050632911396,369.1703056768559,1406,
fixo_proporcional,pico_invertido,1,10001,133.52894211576847,530.8999999999999,744.0,86.0,1415,210.5886925795053,40.02095808383233,320.54491017964074,1503,
fixo_proporcional,pico_invertido,2,10002,143.2318150917743,624.5,867.0,89.0,1378,217.02249637155296,37.52906976744186,391.7175398633257,1471,
fixo_proporcional,pico_invertido,3,10003,136.49500998003992,462.0,875.0,86.0,1420,212.91901408450704,39.09099901088032,336.6483739837398,1503,
fixo_proporcional,pico_invertido,4,10004,140.06447187928669,538.0,750.0,89.0,1368,216.01169590643275,39.15925542916236,338.79226069246437,1458,
fixo_proporcional,pico_invertido,5,10005,137.215994531784,527.5999999999995,668.0,84.0,1370,209.97591240875911,34.49651046859422,361.1891304347826,1463,
fixo_proporcional,pico_invertido,6,10006,136.9108843537415,479.0,673.0,84.0,1383,207.42805495300072,38.45510204081633,333.82244897959185,1470,
fixo_proporcional,pico_invertido,7,10007,134.47066756574512,493.59999999999945,801.0,88.0,1391,210.8900071890726,36.54270833333333,314.22370936902485,1483,
fixo_proporcional,pico_invertido,8,10008,135.16722632639355,533.1999999999998,791.0,99.0,1399,209.38098641887063,35.21941354903943,332.864,1489,
fixo_proporcional,pico_invertido,9,10009,151.4125973106865,565.0,785.0,95.0,1321,226.221044663134,42.136040609137055,402.9018691588785,1413,
fixo_proporcional,pico_invertido,10,10010,139.20164046479837,649.3999999999992,855.0,94.0,1374,206.22343522561863,33.88172043010753,384.07045454545454,1463,
fixo_proporcional,pico_invertido,11,10011,140.6113809854268,573.0,1008.0,93.0,1360,216.50882352941176,35.176528599605525,390.9882903981265,1441,
fixo_proporcional,pico_invertido,12,10012,149.97815699658702,559.3999999999999,775.0,97.0,1384,230.0028901734104,49.5005138746146,348.6869918699187,1465,
fixo_proporcional,pico_invertido,13,10013,156.89063670411986,565.3,966.0,96.0,1252,222.56070287539936,40.409190371991244,409.7743467933492,1335,
fixo_proporcional,pico_invertido,14,10014,135.1191919191919,457.0,581.0,88.0,1394,205.47202295552367,38.8868501529052,322.42857142857144,1485,
fixo_proporcional,pico_invertido,15,10015,149.62787456445994,566.8999999999999,796.0,96.0,1348,224.0200296735905,40.23795476892822,415.7751196172249,1435,
fixo_proporcional,pico_invertido,16,10016,142.10933333333332,567.05,897.0,95.0,1405,223.59288256227757,43.47572815533981,358.26382978723404,1500,
fixo_proporcional,pico_invertido,17,10017,137.72963951935915,458.14999999999986,758.0,92.0,1402,212.32168330955778,39.38438438438438,334.61723446893785,1498,
fixo_proporcional,pico_invertido,18,10018,144.46247464503043,629.0999999999999,1013.0,91.0,1392,219.72988505747125,37.390970220941405,398.9406392694064,1479,
fixo_proporcional,pico_invertido,19,10019,155.61874105865522,669.2999999999997,964.0,93.0,1313,234.57882711348057,39.78894472361809,441.6004962779156,1398,
atuado_gap,pico_invertido,0,10000,204.6441620333598,912.0999999999999,1434.0,124.0,1143,255.48293963254594,62.36392405063291,638.347266881029,1259,
atuado_gap,pico_invertido,1,10001,202.61503067484662,977.5499999999997,1550.0,140.0,1193,272.3369656328583,67.98303393213573,649.3079470198676,1304,
atuado_gap,pico_invertido,2,10002,200.79367469879517,955.6499999999999,1533.0,127.0,1219,244.84495488105003,62.95639534883721,681.3614864864865,1328,
atuado_gap,pico_invertido,3,10003,206.44108527131783,964.6499999999999,1806.0,127.0,1179,268.6912637828668,63.0593471810089,726.0071684587814,1290,
atuado_gap,pico_invertido,4,10004,209.19288537549406,1017.9999999999995,1373.0,124.0,1159,270.47282139775666,64.11271975180972,679.9731543624162,1265,
atuado_gap,pico_invertido,5,10005,190.9079245283019,861.9999999999998,1237.0,120.0,1233,244.80859691808598,59.52542372881356,600.1521739130435,1325,
atuado_gap,pico_invertido,6,10006,202.63671572424477,913.5,1215.0,127.0,1189,259.0529857022708,66.83163265306122,630.5755627009646,1291,
atuado_gap,pico_invertido,7,10007,178.25421245421245,715.3999999999999,1404.0,122.0,1273,249.5043205027494,57.98125,463.34567901234567,1365,
atuado_gap,pico_invertido,8,10008,195.44809559372666,811.5999999999995,1572.0,125.0,1223,258.30253475061323,61.98483316481294,572.5771428571428,1339,
atuado_gap,pico_invertido,9,10009,210.12824547600314,1004.0,1529.0,128.0,1146,262.456369982548,64.66395939086294,711.1153846153846,1271,
atuado_gap,pico_invertido,10,10010,187.49273255813952,774.0,1574.0,132.0,1255,253.35298804780876,61.98240469208211,551.2237960339943,1376,
atuado_gap,pico_invertido,11,10011,203.49257232212665,1014.8999999999983,1932.0,126.0,1188,247.8114478114478,63.824457593688365,737.9207547169812,1279,
atuado_gap,pico_invertido,12,10012,217.98310539018505,1090.4999999999993,1535.0,127.0,1162,289.15060240963857,65.48818088386433,767.5296296296297,1243,
atuado_gap,pico_invertido,13,10013,217.81567973311093,990.5999999999995,1305.0,128.0,1100,283.14363636363635,65.36542669584244,706.7263157894737,1199,
atuado_gap,pico_invertido,14,10014,191.82194934765926,855.6999999999996,1124.0,129.0,1187,251.8508845829823,62.26809378185525,586.5186335403727,1303,
atuado_gap,pico_invertido,15,10015,206.59643687064292,1039.5,1415.0,130.0,1187,260.0859309182814,62.55948869223206,741.2153284671533,1291,
atuado_gap,pico_invertido,16,10016,208.7987804878049,1030.45,1436.0,133.0,1178,258.51612903225805,71.28834951456311,711.0531914893617,1312,
atuado_gap,pico_invertido,17,10017,198.3155487804878,851.7000000000003,1490.0,129.0,1184,260.6570945945946,62.27527527527528,632.5143769968051,1312,
atuado_gap,pico_invertido,18,10018,205.33835719668426,968.0000000000005,1728.0,127.0,1212,249.17161716171617,66.21037463976946,711.7447552447552,1327,
atuado_gap,pico_invertido,19,10019,219.93720190779015,964.8999999999992,1949.0,143.0,1164,278.9381443298969,69.63316582914572,788.5779467680609,1258,
max_pressure,pico_invertido,0,10000,585.9885605338418,2766.6,3575.0,237.0,813,411.09348093480935,440.5386363636364,1343.3609467455622,1049,
max_pressure,pico_invertido,1,10001,568.828025477707,2690.2,3538.0,232.0,874,387.83409610983983,450.0274725274725,1140.8306878306878,1099,
max_pressure,pico_invertido,2,10002,628.5957049486461,3309.0,3566.0,242.0,820,378.7939024390244,450.77196652719664,2106.8521739130433,1071,
max_pressure,pico_invertido,3,10003,638.1361829025844,3376.5,3577.0,228.0,783,380.19795657726695,445.27795874049946,2727.8117647058825,1006,
max_pressure,pico_invertido,4,10004,661.3437815975733,3286.599999999999,3572.0,234.0,754,402.7175066312997,478.8369441277081,2090.4375,989,
max_pressure,pico_invertido,5,10005,614.9019980970504,3338.0,3550.0,233.0,817,356.1958384332925,445.3082627118644,2111.1308411214955,1051,
max_pressure,pico_invertido,6,10006,648.6579476861167,3346.499999999999,3546.0,229.0,762,393.50656167979,458.92960893854746,2363.878787878788,994,
max_pressure,pico_invertido,7,10007,550.5188770571152,3291.7999999999997,3536.0,219.0,809,341.57725587144625,387.87089715536104,1799.764705882353,1033,
max_pressure,pico_invertido,8,10008,600.3905817174515,3069.0,3555.0,242.0,839,382.67699642431467,446.9044038668099,1540.4934210526317,1083,
max_pressure,pico_invertido,9,10009,618.3032945736434,3128.0999999999985,3560.0,235.0,797,396.14429109159346,446.94806629834255,1839.3779527559054,1032,
max_pressure,pico_invertido,10,10010,585.9260299625469,3319.65,3550.0,234.0,836,371.4019138755981,403.3502590673575,2296.4660194174758,1068,
max_pressure,pico_invertido,11,10011,590.5309477756286,3322.7,3572.0,222.0,811,352.1442663378545,415.51334044823903,2281.1649484536083,1034,
max_pressure,pico_invertido,12,10012,701.4886597938145,3399.2,3553.0,238.0,737,411.59158751696066,498.1255707762557,2596.659574468085,970,
max_pressure,pico_invertido,13,10013,668.9746031746032,3293.8,3575.0,224.0,720,411.96666666666664,486.12380952380954,2131.7809523809524,945,
max_pressure,pico_invertido,14,10014,620.2005928853755,3289.0,3564.0,225.0,797,358.525721455458,453.1128318584071,2018.787037037037,1012,
max_pressure,pico_invertido,15,10015,641.2373540856031,3184.3,3541.0,235.0,789,393.94169835234476,467.83846153846156,1978.4661016949153,1028,
max_pressure,pico_invertido,16,10016,622.5043562439497,3292.4,3509.0,232.0,804,377.6641791044776,440.81168831168833,2162.7247706422017,1033,
max_pressure,pico_invertido,17,10017,623.6719056974459,3318.0499999999997,3578.0,227.0,789,368.57541191381495,448.037037037037,2236.0,1018,
max_pressure,pico_invertido,18,10018,590.0446927374302,3183.35,3567.0,231.0,842,363.45130641330167,427.06105263157895,1838.7096774193549,1074,
max_pressure,pico_invertido,19,10019,687.6267748478701,3271.75,3573.0,243.0,745,405.2255033557047,505.88876146788994,2077.7631578947367,986,
dqn,pico_invertido,0,10000,151.6280303030303,613.05,713.0,87.0,1230,230.6138211382114,30.476793248945146,460.3682795698925,1320,7
dqn,pico_invertido,1,10001,145.0014619883041,655.2999999999997,1008.0,92.0,1287,219.94949494949495,29.65069860279441,460.7978142076503,1368,7
dqn,pico_invertido,2,10002,138.08778089887642,606.0,813.0,88.0,1326,210.21191553544494,25.7703488372093,433.78061224489795,1424,7
dqn,pico_invertido,3,10003,146.53612716763007,591.6999999999998,827.0,91.0,1302,226.56758832565285,34.87141444114738,449.19839142091155,1384,7
dqn,pico_invertido,4,10004,151.5262768319763,645.5,808.0,92.0,1255,238.68207171314742,37.26680455015512,439.2578125,1351,7
dqn,pico_invertido,5,10005,127.46955913226031,520.5999999999999,715.0,83.0,1341,204.35421327367635,22.557328015952145,374.481220657277,1429,7
dqn,pico_invertido,6,10006,166.93651979088872,994.5999999999995,1272.0,114.0,1251,242.1207034372502,47.63673469387755,492.6016713091922,1339,7
dqn,pico_invertido,7,10007,136.2278298485941,524.7,631.0,87.0,1292,219.20975232198143,29.748958333333334,375.6182669789227,1387,7
dqn,pico_invertido,8,10008,178.67796610169492,1190.1499999999999,1739.0,101.0,1189,177.48275862068965,36.911021233569265,632.4239482200647,1298,7
dqn,pico_invertido,9,10009,147.41986947063089,582.0999999999999,695.0,98.0,1287,228.16705516705517,37.23147208121827,422.89086294416245,1379,7
dqn,pico_invertido,10,10010,176.17142857142858,1066.1,1672.0,118.0,1201,180.20566194837636,41.31573802541544,625.5439739413681,1330,7
dqn,pico_invertido,11,10011,137.67910983488872,597.1999999999996,810.0,84.0,1307,213.67635807192042,26.651873767258383,434.7282321899736,1393,7
dqn,pico_invertido,12,10012,153.93809874723655,600.0,751.0,92.0,1266,227.3870458135861,32.793422404933196,460.9010416666667,1357,7
dqn,pico_invertido,13,10013,150.8653404743688,606.0,775.0,85.0,1228,231.2858306188925,30.74288840262582,430.23409669211196,1307,7
dqn,pico_invertido,14,10014,135.0929041697147,555.1000000000001,733.0,83.0,1283,217.12392829306313,24.884811416921508,415.18134715025906,1367,7
dqn,pico_invertido,15,10015,146.48446327683615,586.25,738.0,104.0,1330,229.53533834586466,41.02261553588987,415.29323308270676,1416,7
dqn,pico_invertido,16,10016,154.09826589595374,628.8499999999999,994.0,108.0,1263,206.69754552652415,37.55631067961165,493.18926553672316,1384,7
dqn,pico_invertido,17,10017,141.22390208783298,586.5999999999999,786.0,88.0,1290,218.33875968992248,26.365365365365367,435.4384615384615,1389,7
dqn,pico_invertido,18,10018,163.0802556818182,864.8499999999988,1192.0,111.0,1314,247.0966514459665,53.96926032660903,472.574931880109,1408,7
dqn,pico_invertido,19,10019,176.67188723570868,1061.4,1488.0,93.0,1184,185.6748310810811,27.063316582914574,704.5460992907801,1277,7
dqn,pico_invertido,0,10000,160.2993024730501,388.39999999999964,611.0,189.0,1402,276.8216833095578,141.15822784810126,189.14785373608902,1577,42
dqn,pico_invertido,1,10001,206.3245283018868,458.0,627.0,182.0,1412,333.5913597733711,203.46407185628743,211.19897959183675,1590,42
dqn,pico_invertido,2,10002,223.34771886559804,416.0,519.0,186.0,1452,356.9931129476584,228.39341085271317,214.5220338983051,1622,42
dqn,pico_invertido,3,10003,237.50532247964935,463.1999999999998,616.0,194.0,1411,365.70659107016303,248.98615232443126,217.69795221843003,1597,42
dqn,pico_invertido,4,10004,180.40870098039215,394.4499999999998,541.0,181.0,1457,302.0631434454358,184.6390899689762,174.25714285714287,1632,42
dqn,pico_invertido,5,10005,242.21849271690942,561.1999999999998,797.0,200.0,1398,370.96065808297567,263.20654396728014,208.0648918469218,1579,42
dqn,pico_invertido,6,10006,253.54188144329896,458.4499999999998,607.0,194.0,1370,392.5189781021898,267.9010204081633,228.94055944055944,1552,42
dqn,pico_invertido,7,10007,212.91917293233084,435.0,566.0,198.0,1436,346.3816155988858,222.58125,198.33490566037736,1596,42
dqn,pico_invertido,8,10008,238.933868974042,491.0,650.0,193.0,1426,373.9438990182328,258.4438827098079,208.25755166931637,1618,42
dqn,pico_invertido,9,10009,196.1261711430356,430.0,697.0,200.0,1431,327.3570929419986,193.2243654822335,200.76623376623377,1601,42
dqn,pico_invertido,10,10010,208.4283973187081,420.0,650.0,181.0,1457,340.751544269046,219.54905847373638,190.6740506329114,1641,42
dqn,pico_invertido,11,10011,211.82248157248156,395.2999999999997,617.0,176.0,1465,343.93174061433444,220.1449704142012,198.07817589576547,1628,42
dqn,pico_invertido,12,10012,207.29805352798053,475.0,633.0,181.0,1461,325.82888432580427,225.30546955624354,181.4474074074074,1644,42
dqn,pico_invertido,13,10013,164.47490347490347,363.74999999999955,523.0,169.0,1368,275.23830409356725,153.23522975929978,180.5265625,1554,42
dqn,pico_invertido,14,10014,250.6835278858625,603.8499999999995,811.0,202.0,1341,362.02386278896347,269.16926272066456,219.9378238341969,1542,42
dqn,pico_invertido,15,10015,239.7158026233604,462.0,605.0,193.0,1410,371.56524822695036,248.91052114060963,223.70376712328766,1601,42
dqn,pico_invertido,16,10016,205.05558949297495,471.39999999999964,630.0,192.0,1454,323.26341127922973,209.76344086021504,197.21172638436482,1637,42
dqn,pico_invertido,17,10017,198.36876876876877,440.79999999999995,539.0,168.0,1478,326.23815967523683,209.80380380380382,181.21621621621622,1665,42
dqn,pico_invertido,18,10018,223.89261744966444,455.0999999999999,651.0,202.0,1457,349.557309540151,231.70028818443805,210.30100334448161,1639,42
dqn,pico_invertido,19,10019,192.5300063171194,494.89999999999986,811.0,191.0,1407,316.135039090263,193.11550468262226,191.62540192926045,1583,42
dqn,pico_invertido,0,10000,319.9984790874525,685.0,996.0,186.0,1124,456.7482206405694,261.92021276595744,465.58133333333336,1315,123
dqn,pico_invertido,1,10001,246.7054747054747,611.8999999999999,928.0,184.0,1278,359.3286384976526,197.17365269461078,359.2471655328798,1443,123
dqn,pico_invertido,2,10002,170.90445448676564,410.5999999999999,747.0,131.0,1406,282.59743954480797,114.20348837209302,284.0870406189555,1549,123
dqn,pico_invertido,3,10003,183.59190444591906,414.0,541.0,161.0,1341,286.7524235645041,124.86547972304649,303.2943548387097,1507,123
dqn,pico_invertido,4,10004,162.12920237310482,408.0,658.0,129.0,1375,265.5432727272727,109.60082730093072,254.48363636363635,1517,123
dqn,pico_invertido,5,10005,211.0308932169241,476.0,557.0,182.0,1328,335.05120481927713,164.07078763708873,307.94650205761315,1489,123
dqn,pico_invertido,6,10006,199.04761904761904,431.64999999999986,670.0,140.0,1316,307.8731003039514,144.47448979591837,308.1938775510204,1470,123
dqn,pico_invertido,7,10007,260.73169014084505,576.05,839.0,191.0,1244,377.0008038585209,216.90104166666666,352.204347826087,1420,123
dqn,pico_invertido,8,10008,246.92307692307693,469.89999999999986,681.0,183.0,1315,374.30342205323194,199.64206268958543,349.92070484581495,1443,123
dqn,pico_invertido,9,10009,334.59070464767615,738.3499999999999,979.0,188.0,1148,483.4459930313589,282.6045548654244,471.05434782608694,1334,123
dqn,pico_invertido,10,10010,220.0245033112583,474.0999999999999,698.0,177.0,1310,339.82595419847326,177.35092864125122,309.6652977412731,1510,123
dqn,pico_invertido,11,10011,246.86639400136332,474.0,650.0,179.0,1303,372.5725249424405,208.42011834319527,332.924944812362,1467,123
dqn,pico_invertido,12,10012,222.6,457.5999999999999,658.0,179.0,1314,339.35540334855403,171.83350462487152,322.9979674796748,1465,123
dqn,pico_invertido,13,10013,205.31712626995645,490.14999999999986,779.0,175.0,1202,304.56988352745424,139.82166301969366,334.3318965517241,1378,123
dqn,pico_invertido,14,10014,222.95807560137456,487.29999999999995,688.0,179.0,1288,337.32686335403724,178.45056065239552,315.0717299578059,1455,123
dqn,pico_invertido,15,10015,187.00393959290872,374.0,515.0,125.0,1393,302.2361809045226,134.33333333333334,292.8656126482214,1523,123
dqn,pico_invertido,16,10016,228.21201657458565,584.2999999999997,970.0,186.0,1285,342.1330739299611,162.3844660194175,390.41866028708137,1448,123
dqn,pico_invertido,17,10017,255.34181568088033,497.0,672.0,186.0,1260,370.23333333333335,208.018018018018,359.24615384615385,1454,123
dqn,pico_invertido,18,10018,245.17294751009422,488.75,665.0,172.0,1309,365.7975553857907,196.28722382324688,359.53258426966295,1486,123
dqn,pico_invertido,19,10019,252.73285714285714,556.0,879.0,184.0,1239,365.80710250201776,195.70734229576007,380.0854503464203,1400,123
dqn,pico_invertido,0,10000,216.21318879855465,2836.1000000000004,3130.0,82.0,1016,82.125,11.787974683544304,1435.0503144654087,1107,777
dqn,pico_invertido,1,10001,244.5879218472469,3131.25,3342.0,99.0,1028,100.67315175097276,50.29840319361278,1814.5725806451612,1126,777
dqn,pico_invertido,2,10002,225.4251550044287,3353.6,3477.0,89.0,1035,57.05797101449275,8.638565891472869,2531.855670103093,1129,777
dqn,pico_invertido,3,10003,170.70747849106553,754.5,1385.0,151.0,1402,264.1191155492154,114.62413452027695,284.108,1511,777
dqn,pico_invertido,4,10004,205.28087167070217,2065.1,2332.0,132.0,1146,161.75828970331588,55.613236814891415,737.3713235294117,1239,777
dqn,pico_invertido,5,10005,223.4179008370895,511.0,1304.0,183.0,1436,341.7569637883008,210.83549351944168,246.36363636363637,1553,777
dqn,pico_invertido,6,10006,187.66330209084356,1060.7,1556.0,112.0,1268,206.3690851735016,98.9969387755102,401.15970515970514,1387,777
dqn,pico_invertido,7,10007,176.39628040057224,1320.1499999999999,2173.0,117.0,1309,201.16119174942705,82.23020833333334,382.78767123287673,1398,777
dqn,pico_invertido,8,10008,160.39367429340513,754.5,1743.0,122.0,1369,240.67202337472608,95.32052578361981,289.8853118712274,1486,777
dqn,pico_invertido,9,10009,244.10055350553506,3297.0,3446.0,90.0,998,80.70541082164328,30.569543147208122,2368.626262626263,1084,777
dqn,pico_invertido,10,10010,211.2429296591733,1441.1,1792.0,122.0,1251,202.98241406874502,114.43695014662757,489.4241573033708,1379,777
dqn,pico_invertido,11,10011,155.60355434039644,599.0,1407.0,141.0,1311,228.2181540808543,81.1163708086785,323.8218262806236,1463,777
dqn,pico_invertido,12,10012,244.80834914611006,3410.0499999999997,3543.0,83.0,973,56.5344295991778,8.859198355601233,3079.1111111111113,1054,777
dqn,pico_invertido,13,10013,271.21093000958774,2765.0,3251.0,105.0,949,134.08535300316123,66.74835886214441,1719.8837209302326,1043,777
dqn,pico_invertido,14,10014,171.2809688581315,712.1999999999998,1219.0,136.0,1355,239.2081180811808,98.42507645259938,325.3146551724138,1445,777
dqn,pico_invertido,15,10015,166.32604501607716,638.0,1089.0,133.0,1412,259.36260623229464,120.24975417895772,253.42565055762083,1555,777
dqn,pico_invertido,16,10016,202.76388888888889,535.45,1232.0,187.0,1372,308.8957725947522,154.7252427184466,305.4190871369295,1512,777
dqn,pico_invertido,17,10017,206.03611349957006,2739.8999999999987,3087.0,86.0,1067,87.81349578256794,14.5995995995996,1372.1646341463415,1163,777
dqn,pico_invertido,18,10018,163.67667292057536,653.099999999999,1482.0,134.0,1471,259.47110808973486,124.32372718539865,237.09318996415772,1599,777
dqn,pico_invertido,19,10019,206.02646351242984,2190.0,2466.0,129.0,1160,152.62241379310345,51.29547738693467,816.968253968254,1247,777
dqn,pico_invertido,0,10000,168.4154244977317,446.6999999999996,695.0,196.0,1352,275.5406804733728,148.2819429778247,200.40604026845637,1543,2024
dqn,pico_invertido,1,10001,258.8020765736535,531.0,639.0,195.0,1358,390.42930780559647,261.9311377245509,252.98515769944342,1541,2024
dqn,pico_invertido,2,10002,246.01921844971173,498.0,693.0,197.0,1379,378.29151559100796,238.97674418604652,259.75803402646505,1561,2024
dqn,pico_invertido,3,10003,237.60886075949367,483.04999999999995,651.0,182.0,1394,362.4081779053085,247.4780876494024,220.40625,1580,2024
dqn,pico_invertido,4,10004,243.57161543492478,535.5999999999999,723.0,203.0,1371,378.89569657184535,249.75594622543952,232.9306049822064,1529,2024
dqn,pico_invertido,5,10005,255.78331177231564,553.0,719.0,195.0,1354,385.6794682422452,270.1092012133468,230.34649910233392,1546,2024
dqn,pico_invertido,6,10006,243.65629139072848,515.55,674.0,187.0,1314,368.8181126331811,240.7453798767967,248.94589552238807,1510,2024
dqn,pico_invertido,7,10007,223.306640625,448.0,577.0,196.0,1354,349.02141802067945,222.59270833333332,224.49652777777777,1536,2024
dqn,pico_invertido,8,10008,277.77511643379904,544.0,704.0,192.0,1323,412.07105064247924,277.6978636826043,277.92115384615386,1503,2024
dqn,pico_invertido,9,10009,286.5819285232636,667.0,815.0,192.0,1285,424.8544747081712,295.0775594622544,270.6608527131783,1483,2024
dqn,pico_invertido,10,10010,236.88659147869674,459.0,581.0,196.0,1400,371.33214285714286,249.35172413793103,215.11015490533563,1596,2024
dqn,pico_invertido,11,10011,225.58429858429858,460.3499999999999,557.0,195.0,1411,355.8192771084337,220.5276134122288,235.07962962962964,1554,2024
dqn,pico_invertido,12,10012,290.4075829383886,645.4000000000001,887.0,197.0,1300,424.80384615384617,303.55685441020194,267.32276119402985,1477,2024
dqn,pico_invertido,13,10013,273.5031228313671,570.0,809.0,196.0,1271,417.28166797797013,279.0153172866521,263.94307400379506,1441,2024
dqn,pico_invertido,14,10014,290.96915695681975,584.0999999999999,773.0,195.0,1292,427.68034055727554,283.73904179408765,305.8075313807531,1459,2024
dqn,pico_invertido,15,10015,285.8255261371351,574.3999999999999,711.0,204.0,1275,417.82039215686274,263.6814159292035,335.2127192982456,1473,2024
dqn,pico_invertido,16,10016,253.4680306905371,572.0,816.0,190.0,1391,376.7785765636233,262.91932270916334,236.5232142857143,1564,2024
dqn,pico_invertido,17,10017,269.42590206185565,514.4499999999998,609.0,198.0,1374,412.3362445414847,278.8738738738739,252.35804701627487,1552,2024
dqn,pico_invertido,18,10018,259.54322580645163,475.0,560.0,197.0,1364,392.6884164222874,255.92926356589146,266.7432432432432,1550,2024
dqn,pico_invertido,19,10019,253.86760752688173,539.6499999999999,715.0,189.0,1305,382.64904214559385,250.42976066597294,260.13662239089183,1488,2024
